iso_weekday,weekday_name,day_type,pickup_hour,pickup_hour_label,pickup_location_id,borough,zone,zone_label,trips,contributing_days,avg_trips_per_contributing_day,wait_eligible_trips,avg_request_to_pickup_minutes,wait_gap_to_city_minutes,estimated_excess_request_to_pickup_minutes_per_day,avg_base_fare_eligible,avg_driver_pay_eligible,city_avg_wait_benchmark,p75_daily_trips_benchmark
1,Monday,weekday,21,21:00,138,Queens,LaGuardia Airport,Queens — LaGuardia Airport,2987,4,746.75,2983,12.684,7.26,5414.2,60.08,42.46,5.424,213.5
1,Monday,weekday,23,23:00,132,Queens,JFK Airport,Queens — JFK Airport,2803,4,700.75,2794,12.866,7.442,5198.3,73.91,55.91,5.424,213.5
1,Monday,weekday,22,22:00,138,Queens,LaGuardia Airport,Queens — LaGuardia Airport,2926,4,731.5,2922,12.357,6.933,5064.6,59.32,41.16,5.424,213.5
4,Thursday,weekday,0,00:00,132,Queens,JFK Airport,Queens — JFK Airport,2038,4,509.5,2000,15.422,9.998,4999.0,92.61,63.58,5.424,213.5
7,Sunday,weekend,23,23:00,138,Queens,LaGuardia Airport,Queens — LaGuardia Airport,3345,5,669.0,3342,12.881,7.457,4984.3,63.93,43.95,5.424,213.5
4,Thursday,weekday,21,21:00,138,Queens,LaGuardia Airport,Queens — LaGuardia Airport,3152,4,788.0,3149,11.633,6.209,4888.1,68.53,47.38,5.424,213.5
7,Sunday,weekend,21,21:00,138,Queens,LaGuardia Airport,Queens — LaGuardia Airport,3388,5,677.6,3383,12.464,7.04,4763.3,72.19,48.8,5.424,213.5
3,Wednesday,weekday,23,23:00,138,Queens,LaGuardia Airport,Queens — LaGuardia Airport,3037,4,759.25,3033,11.657,6.233,4726.2,69.46,47.99,5.424,213.5
3,Wednesday,weekday,23,23:00,132,Queens,JFK Airport,Queens — JFK Airport,2269,4,567.25,2263,13.567,8.143,4606.9,77.02,58.38,5.424,213.5
4,Thursday,weekday,23,23:00,138,Queens,LaGuardia Airport,Queens — LaGuardia Airport,3033,4,758.25,3029,11.421,5.997,4541.3,71.25,49.25,5.424,213.5
3,Wednesday,weekday,22,22:00,138,Queens,LaGuardia Airport,Queens — LaGuardia Airport,2767,4,691.75,2766,11.968,6.544,4525.2,81.84,53.87,5.424,213.5
4,Thursday,weekday,1,01:00,132,Queens,JFK Airport,Queens — JFK Airport,1502,4,375.5,1422,17.491,12.067,4289.8,98.73,65.11,5.424,213.5
4,Thursday,weekday,22,22:00,138,Queens,LaGuardia Airport,Queens — LaGuardia Airport,2989,4,747.25,2986,11.129,5.705,4258.8,69.17,48.05,5.424,213.5
1,Monday,weekday,23,23:00,138,Queens,LaGuardia Airport,Queens — LaGuardia Airport,2678,4,669.5,2673,11.611,6.187,4134.5,61.68,42.33,5.424,213.5
7,Sunday,weekend,22,22:00,138,Queens,LaGuardia Airport,Queens — LaGuardia Airport,2846,5,569.2,2841,12.665,7.241,4114.4,74.05,48.24,5.424,213.5
4,Thursday,weekday,20,20:00,138,Queens,LaGuardia Airport,Queens — LaGuardia Airport,3102,4,775.5,3100,10.725,5.301,4108.3,70.65,48.16,5.424,213.5
5,Friday,weekday,0,00:00,132,Queens,JFK Airport,Queens — JFK Airport,2561,5,512.2,2551,13.302,7.878,4019.4,76.7,57.76,5.424,213.5
4,Thursday,weekday,23,23:00,132,Queens,JFK Airport,Queens — JFK Airport,2631,4,657.75,2626,11.364,5.94,3899.7,78.18,59.35,5.424,213.5
1,Monday,weekday,22,22:00,132,Queens,JFK Airport,Queens — JFK Airport,2558,4,639.5,2550,11.296,5.872,3743.4,71.39,53.86,5.424,213.5
7,Sunday,weekend,20,20:00,138,Queens,LaGuardia Airport,Queens — LaGuardia Airport,2980,5,596.0,2978,11.701,6.277,3738.6,67.51,45.95,5.424,213.5
2,Tuesday,weekday,0,00:00,132,Queens,JFK Airport,Queens — JFK Airport,1885,4,471.25,1879,13.312,7.888,3705.4,67.45,52.18,5.424,213.5
1,Monday,weekday,20,20:00,138,Queens,LaGuardia Airport,Queens — LaGuardia Airport,2596,4,649.0,2596,10.856,5.432,3525.4,62.55,41.73,5.424,213.5
7,Sunday,weekend,23,23:00,132,Queens,JFK Airport,Queens — JFK Airport,3397,5,679.4,3385,10.583,5.159,3492.7,71.6,53.15,5.424,213.5
1,Monday,weekday,16,16:00,132,Queens,JFK Airport,Queens — JFK Airport,2664,4,666.0,2658,10.588,5.164,3431.5,97.57,70.5,5.424,213.5
1,Monday,weekday,0,00:00,138,Queens,LaGuardia Airport,Queens — LaGuardia Airport,1780,4,445.0,1780,13.133,7.709,3430.5,55.55,39.55,5.424,213.5
1,Monday,weekday,0,00:00,132,Queens,JFK Airport,Queens — JFK Airport,2035,4,508.75,2029,12.154,6.73,3413.8,67.33,50.5,5.424,213.5
7,Sunday,weekend,22,22:00,132,Queens,JFK Airport,Queens — JFK Airport,3657,5,731.4,3652,10.045,4.621,3375.2,76.79,56.35,5.424,213.5
2,Tuesday,weekday,22,22:00,138,Queens,LaGuardia Airport,Queens — LaGuardia Airport,2332,4,583.0,2328,10.998,5.574,3244.1,67.4,46.22,5.424,213.5
7,Sunday,weekend,16,16:00,132,Queens,JFK Airport,Queens — JFK Airport,3310,5,662.0,3305,10.285,4.861,3213.2,92.28,70.82,5.424,213.5
4,Thursday,weekday,22,22:00,132,Queens,JFK Airport,Queens — JFK Airport,2488,4,622.0,2480,10.595,5.171,3206.1,79.2,59.6,5.424,213.5
2,Tuesday,weekday,0,00:00,138,Queens,LaGuardia Airport,Queens — LaGuardia Airport,1868,4,467.0,1867,12.283,6.859,3201.5,56.36,39.81,5.424,213.5
2,Tuesday,weekday,23,23:00,138,Queens,LaGuardia Airport,Queens — LaGuardia Airport,2525,4,631.25,2523,10.457,5.033,3174.6,60.44,43.32,5.424,213.5
4,Thursday,weekday,0,00:00,138,Queens,LaGuardia Airport,Queens — LaGuardia Airport,1896,4,474.0,1896,11.794,6.37,3019.4,71.1,47.41,5.424,213.5
1,Monday,weekday,19,19:00,132,Queens,JFK Airport,Queens — JFK Airport,2361,4,590.25,2353,10.542,5.118,3010.7,79.14,58.58,5.424,213.5
1,Monday,weekday,19,19:00,138,Queens,LaGuardia Airport,Queens — LaGuardia Airport,2955,4,738.75,2953,9.454,4.03,2975.2,61.14,41.57,5.424,213.5
3,Wednesday,weekday,21,21:00,138,Queens,LaGuardia Airport,Queens — LaGuardia Airport,2416,4,604.0,2416,10.339,4.915,2968.7,70.44,46.43,5.424,213.5
4,Thursday,weekday,2,02:00,132,Queens,JFK Airport,Queens — JFK Airport,934,4,233.5,880,18.888,13.464,2962.1,97.1,64.64,5.424,213.5
2,Tuesday,weekday,21,21:00,138,Queens,LaGuardia Airport,Queens — LaGuardia Airport,2521,4,630.25,2518,10.116,4.692,2953.7,65.85,45.08,5.424,213.5
5,Friday,weekday,0,00:00,138,Queens,LaGuardia Airport,Queens — LaGuardia Airport,2199,5,439.8,2198,11.943,6.519,2865.8,67.96,45.34,5.424,213.5
5,Friday,weekday,21,21:00,138,Queens,LaGuardia Airport,Queens — LaGuardia Airport,2979,5,595.8,2978,10.035,4.611,2746.4,56.94,41.86,5.424,213.5
5,Friday,weekday,1,01:00,132,Queens,JFK Airport,Queens — JFK Airport,1431,5,286.2,1427,14.745,9.321,2660.2,67.63,51.73,5.424,213.5
1,Monday,weekday,15,15:00,138,Queens,LaGuardia Airport,Queens — LaGuardia Airport,3037,4,759.25,3035,8.911,3.487,2645.8,78.45,51.83,5.424,213.5
7,Sunday,weekend,17,17:00,132,Queens,JFK Airport,Queens — JFK Airport,3245,5,649.0,3237,9.48,4.056,2625.9,91.85,70.41,5.424,213.5
5,Friday,weekday,23,23:00,138,Queens,LaGuardia Airport,Queens — LaGuardia Airport,2832,5,566.4,2826,10.01,4.586,2592.1,59.65,44.08,5.424,213.5
5,Friday,weekday,22,22:00,138,Queens,LaGuardia Airport,Queens — LaGuardia Airport,2614,5,522.8,2611,10.312,4.888,2552.6,56.91,42.74,5.424,213.5
3,Wednesday,weekday,20,20:00,138,Queens,LaGuardia Airport,Queens — LaGuardia Airport,2442,4,610.5,2442,9.494,4.07,2484.8,68.65,45.82,5.424,213.5
7,Sunday,weekend,21,21:00,132,Queens,JFK Airport,Queens — JFK Airport,3228,5,645.6,3223,9.215,3.791,2443.7,80.18,59.36,5.424,213.5
3,Wednesday,weekday,0,00:00,132,Queens,JFK Airport,Queens — JFK Airport,1609,4,402.25,1606,11.507,6.083,2442.4,78.18,55.6,5.424,213.5
2,Tuesday,weekday,20,20:00,138,Queens,LaGuardia Airport,Queens — LaGuardia Airport,2384,4,596.0,2382,9.444,4.02,2394.0,64.32,42.08,5.424,213.5
1,Monday,weekday,21,21:00,132,Queens,JFK Airport,Queens — JFK Airport,2279,4,569.75,2272,9.603,4.179,2373.7,73.16,52.77,5.424,213.5
1,Monday,weekday,17,17:00,138,Queens,LaGuardia Airport,Queens — LaGuardia Airport,2966,4,741.5,2961,8.598,3.174,2349.6,72.72,48.16,5.424,213.5
7,Sunday,weekend,15,15:00,138,Queens,LaGuardia Airport,Queens — LaGuardia Airport,3387,5,677.4,3384,8.838,3.414,2310.6,72.63,49.95,5.424,213.5
1,Monday,weekday,14,14:00,138,Queens,LaGuardia Airport,Queens — LaGuardia Airport,3164,4,791.0,3163,8.34,2.916,2305.9,77.35,51.98,5.424,213.5
6,Saturday,weekend,23,23:00,132,Queens,JFK Airport,Queens — JFK Airport,2502,5,500.4,2497,9.908,4.484,2239.3,66.7,52.92,5.424,213.5
5,Friday,weekday,20,20:00,138,Queens,LaGuardia Airport,Queens — LaGuardia Airport,2980,5,596.0,2978,9.109,3.685,2194.8,59.83,42.22,5.424,213.5
1,Monday,weekday,18,18:00,138,Queens,LaGuardia Airport,Queens — LaGuardia Airport,3000,4,750.0,2999,8.346,2.922,2190.8,64.93,43.15,5.424,213.5
7,Sunday,weekend,20,20:00,132,Queens,JFK Airport,Queens — JFK Airport,3279,5,655.8,3272,8.767,3.343,2187.7,82.6,61.67,5.424,213.5
7,Sunday,weekend,18,18:00,132,Queens,JFK Airport,Queens — JFK Airport,2721,5,544.2,2714,9.402,3.978,2159.3,83.67,63.49,5.424,213.5
7,Sunday,weekend,0,00:00,132,Queens,JFK Airport,Queens — JFK Airport,1924,5,384.8,1913,10.952,5.528,2115.0,62.52,49.32,5.424,213.5
7,Sunday,weekend,16,16:00,138,Queens,LaGuardia Airport,Queens — LaGuardia Airport,3211,5,642.2,3203,8.71,3.286,2105.1,67.13,47.35,5.424,213.5
2,Tuesday,weekday,22,22:00,132,Queens,JFK Airport,Queens — JFK Airport,2231,4,557.75,2228,9.199,3.775,2102.7,70.28,54.04,5.424,213.5
3,Wednesday,weekday,19,19:00,138,Queens,LaGuardia Airport,Queens — LaGuardia Airport,2418,4,604.5,2414,8.824,3.4,2051.9,70.7,45.82,5.424,213.5
3,Wednesday,weekday,1,01:00,132,Queens,JFK Airport,Queens — JFK Airport,899,4,224.75,892,14.558,9.134,2036.9,69.54,48.58,5.424,213.5
4,Thursday,weekday,19,19:00,138,Queens,LaGuardia Airport,Queens — LaGuardia Airport,3074,4,768.5,3070,8.066,2.642,2027.8,73.56,48.49,5.424,213.5
7,Sunday,weekend,19,19:00,138,Queens,LaGuardia Airport,Queens — LaGuardia Airport,3276,5,655.2,3272,8.491,3.067,2007.1,61.85,42.81,5.424,213.5
2,Tuesday,weekday,19,19:00,138,Queens,LaGuardia Airport,Queens — LaGuardia Airport,2502,4,625.5,2499,8.61,3.186,1990.5,65.28,42.68,5.424,213.5
7,Sunday,weekend,3,03:00,36,Brooklyn,Bushwick North,Brooklyn — Bushwick North,1904,5,380.8,1896,10.671,5.247,1989.7,29.51,22.87,5.424,213.5
1,Monday,weekday,20,20:00,132,Queens,JFK Airport,Queens — JFK Airport,2214,4,553.5,2211,9.017,3.593,1986.1,78.1,55.36,5.424,213.5
2,Tuesday,weekday,23,23:00,132,Queens,JFK Airport,Queens — JFK Airport,1876,4,469.0,1873,9.646,4.222,1977.0,69.26,53.33,5.424,213.5
4,Thursday,weekday,21,21:00,132,Queens,JFK Airport,Queens — JFK Airport,2283,4,570.75,2270,8.893,3.469,1968.7,81.65,59.21,5.424,213.5
5,Friday,weekday,22,22:00,132,Queens,JFK Airport,Queens — JFK Airport,2857,5,571.4,2852,8.776,3.352,1912.0,71.5,56.61,5.424,213.5
1,Monday,weekday,1,01:00,132,Queens,JFK Airport,Queens — JFK Airport,1177,4,294.25,1175,11.829,6.405,1881.5,61.99,47.46,5.424,213.5
5,Friday,weekday,23,23:00,132,Queens,JFK Airport,Queens — JFK Airport,2678,5,535.6,2671,8.864,3.44,1837.7,70.43,54.8,5.424,213.5
7,Sunday,weekend,2,02:00,36,Brooklyn,Bushwick North,Brooklyn — Bushwick North,2366,5,473.2,2361,9.282,3.858,1821.8,26.92,21.13,5.424,213.5
7,Sunday,weekend,19,19:00,132,Queens,JFK Airport,Queens — JFK Airport,2819,5,563.8,2812,8.629,3.205,1802.5,84.57,63.61,5.424,213.5
3,Wednesday,weekday,22,22:00,132,Queens,JFK Airport,Queens — JFK Airport,1875,4,468.75,1871,9.237,3.813,1783.6,73.12,53.2,5.424,213.5
5,Friday,weekday,21,21:00,132,Queens,JFK Airport,Queens — JFK Airport,2759,5,551.8,2750,8.606,3.182,1750.1,75.11,56.82,5.424,213.5
4,Thursday,weekday,19,19:00,132,Queens,JFK Airport,Queens — JFK Airport,2025,4,506.25,2020,8.865,3.441,1737.7,85.18,62.86,5.424,213.5
6,Saturday,weekend,0,00:00,138,Queens,LaGuardia Airport,Queens — LaGuardia Airport,1495,5,299.0,1494,11.099,5.675,1695.7,56.59,40.53,5.424,213.5
6,Saturday,weekend,22,22:00,132,Queens,JFK Airport,Queens — JFK Airport,2354,5,470.8,2348,8.997,3.573,1677.9,66.79,53.8,5.424,213.5
3,Wednesday,weekday,1,01:00,138,Queens,LaGuardia Airport,Queens — LaGuardia Airport,557,4,139.25,557,17.461,12.037,1676.2,101.78,58.45,5.424,213.5
6,Saturday,weekend,23,23:00,255,Brooklyn,Williamsburg (North Side),Brooklyn — Williamsburg (North Side),2865,5,573.0,2856,8.314,2.89,1650.8,39.5,27.16,5.424,213.5
3,Wednesday,weekday,0,00:00,138,Queens,LaGuardia Airport,Queens — LaGuardia Airport,1368,4,342.0,1367,10.196,4.772,1630.9,66.17,44.12,5.424,213.5
1,Monday,weekday,15,15:00,132,Queens,JFK Airport,Queens — JFK Airport,2509,4,627.25,2506,8.024,2.6,1628.9,98.69,72.43,5.424,213.5
3,Wednesday,weekday,22,22:00,230,Manhattan,Times Sq/Theatre District,Manhattan — Times Sq/Theatre District,2394,4,598.5,2374,8.15,2.726,1617.9,75.84,44.43,5.424,213.5
2,Tuesday,weekday,21,21:00,132,Queens,JFK Airport,Queens — JFK Airport,2004,4,501.0,2001,8.613,3.189,1595.3,73.7,53.96,5.424,213.5
3,Wednesday,weekday,21,21:00,161,Manhattan,Midtown Center,Manhattan — Midtown Center,3424,4,856.0,3417,7.284,1.86,1589.0,83.32,46.38,5.424,213.5
6,Saturday,weekend,3,03:00,36,Brooklyn,Bushwick North,Brooklyn — Bushwick North,1860,5,372.0,1854,9.691,4.267,1582.2,27.08,21.07,5.424,213.5
1,Monday,weekday,18,18:00,132,Queens,JFK Airport,Queens — JFK Airport,1829,4,457.25,1829,8.881,3.457,1580.7,81.34,59.0,5.424,213.5
3,Wednesday,weekday,21,21:00,132,Queens,JFK Airport,Queens — JFK Airport,1865,4,466.25,1858,8.795,3.371,1565.9,76.53,55.98,5.424,213.5
7,Sunday,weekend,3,03:00,37,Brooklyn,Bushwick South,Brooklyn — Bushwick South,2381,5,476.2,2370,8.698,3.274,1551.9,28.86,22.55,5.424,213.5
6,Saturday,weekend,21,21:00,132,Queens,JFK Airport,Queens — JFK Airport,2352,5,470.4,2351,8.665,3.241,1524.0,71.88,57.76,5.424,213.5
6,Saturday,weekend,0,00:00,132,Queens,JFK Airport,Queens — JFK Airport,1847,5,369.4,1843,9.516,4.092,1508.3,65.87,52.41,5.424,213.5
7,Sunday,weekend,18,18:00,138,Queens,LaGuardia Airport,Queens — LaGuardia Airport,3181,5,636.2,3178,7.788,2.364,1502.6,64.34,45.07,5.424,213.5
4,Thursday,weekday,3,03:00,132,Queens,JFK Airport,Queens — JFK Airport,538,4,134.5,522,16.849,11.425,1491.0,61.73,50.75,5.424,213.5
7,Sunday,weekend,4,04:00,36,Brooklyn,Bushwick North,Brooklyn — Bushwick North,1357,5,271.4,1338,10.983,5.559,1487.6,32.37,25.59,5.424,213.5
7,Sunday,weekend,15,15:00,132,Queens,JFK Airport,Queens — JFK Airport,2957,5,591.4,2951,7.91,2.486,1467.3,94.49,70.38,5.424,213.5
2,Tuesday,weekday,1,01:00,132,Queens,JFK Airport,Queens — JFK Airport,1020,4,255.0,1017,11.107,5.683,1444.9,61.29,45.61,5.424,213.5
7,Sunday,weekend,0,00:00,255,Brooklyn,Williamsburg (North Side),Brooklyn — Williamsburg (North Side),3018,5,603.6,3015,7.816,2.392,1442.4,36.6,26.68,5.424,213.5
2,Tuesday,weekday,10,10:00,138,Queens,LaGuardia Airport,Queens — LaGuardia Airport,3031,4,757.75,3030,7.263,1.839,1393.1,79.68,52.28,5.424,213.5
