pickup_location_id,borough,zone,service_zone,zone_label,trips_2025_05,trips_2026_05,trip_delta,trip_growth_pct,trip_share_2026_pct,contribution_to_city_trip_growth_pct,wait_eligible_trips_2026_05,avg_wait_2025_05,avg_wait_2026_05,avg_wait_change_minutes,avg_wait_change_pct,wait_gap_to_city_minutes,estimated_excess_request_to_pickup_minutes,avg_miles_2025_05,avg_miles_2026_05,avg_fare_2025_05,avg_fare_2026_05,avg_driver_pay_2025_05,avg_driver_pay_2026_05,p75_zone_trips_benchmark,city_avg_wait_benchmark,marketplace_quadrant
138,Queens,LaGuardia Airport,Airports,Queens — LaGuardia Airport,311000,294905,-16095,-5.175,1.9206,-5.094,294624,7.093,7.697,0.604,8.517,2.21,651225.0,12.23,11.698,68.66,70.55,46.73,48.13,83208.0,5.487,Supply-constrained priority
132,Queens,JFK Airport,Airports,Queens — JFK Airport,269736,260433,-9303,-3.449,1.6961,-2.944,259675,6.852,7.887,1.035,15.106,2.4,623327.0,17.861,17.873,78.93,81.11,60.66,61.77,83208.0,5.487,Supply-constrained priority
42,Manhattan,Central Harlem North,Boro Zone,Manhattan — Central Harlem North,120415,124925,4510,3.745,0.8136,1.427,123155,5.553,6.649,1.096,19.739,1.162,143134.0,4.534,4.307,22.3,21.43,18.66,18.3,83208.0,5.487,Supply-constrained priority
35,Brooklyn,Brownsville,Boro Zone,Brooklyn — Brownsville,89947,96298,6351,7.061,0.6272,2.01,94780,5.841,6.714,0.873,14.94,1.227,116319.0,3.63,3.459,18.9,19.2,16.55,16.65,83208.0,5.487,Supply-constrained priority
61,Brooklyn,Crown Heights North,Boro Zone,Brooklyn — Crown Heights North,185549,194268,8719,4.699,1.2652,2.76,191461,5.377,6.071,0.694,12.901,0.584,111868.0,3.866,3.719,22.22,22.23,18.68,18.65,83208.0,5.487,Supply-constrained priority
39,Brooklyn,Canarsie,Boro Zone,Brooklyn — Canarsie,115161,118920,3759,3.264,0.7745,1.19,117436,5.536,6.284,0.748,13.506,0.797,93639.0,3.846,3.695,18.89,19.27,16.14,16.18,83208.0,5.487,Supply-constrained priority
72,Brooklyn,East Flatbush/Remsen Village,Boro Zone,Brooklyn — East Flatbush/Remsen Village,77149,81283,4134,5.358,0.5294,1.308,80170,5.937,6.635,0.698,11.756,1.148,92034.0,3.495,3.338,19.11,19.23,16.21,16.32,83208.0,5.487,Service-risk watchlist
225,Brooklyn,Stuyvesant Heights,Boro Zone,Brooklyn — Stuyvesant Heights,115360,119609,4249,3.683,0.779,1.345,117942,5.354,6.173,0.818,15.286,0.686,80919.0,3.982,3.872,23.47,23.69,19.46,19.68,83208.0,5.487,Supply-constrained priority
86,Queens,Far Rockaway,Boro Zone,Queens — Far Rockaway,35620,33438,-2182,-6.126,0.2178,-0.691,32470,7.624,7.861,0.237,3.104,2.374,77086.0,5.383,5.233,23.26,25.33,21.21,21.8,83208.0,5.487,Service-risk watchlist
117,Queens,Hammels/Arverne,Boro Zone,Queens — Hammels/Arverne,25088,26184,1096,4.369,0.1705,0.347,25311,7.972,8.519,0.546,6.854,3.032,76743.0,6.138,5.803,25.48,27.01,23.51,23.39,83208.0,5.487,Service-risk watchlist
74,Manhattan,East Harlem North,Boro Zone,Manhattan — East Harlem North,93734,96376,2642,2.819,0.6277,0.836,95079,5.505,6.283,0.777,14.118,0.796,75664.0,4.586,4.32,22.0,21.28,19.03,18.68,83208.0,5.487,Supply-constrained priority
235,Bronx,University Heights/Morris Heights,Boro Zone,Bronx — University Heights/Morris Heights,64066,66755,2689,4.197,0.4347,0.851,66017,5.547,6.565,1.018,18.349,1.078,71171.0,4.11,3.886,19.61,19.27,17.27,16.82,83208.0,5.487,Service-risk watchlist
37,Brooklyn,Bushwick South,Boro Zone,Brooklyn — Bushwick South,164703,172678,7975,4.842,1.1246,2.524,170827,5.085,5.893,0.808,15.9,0.406,69390.0,4.189,4.086,23.36,24.1,19.43,19.88,83208.0,5.487,Supply-constrained priority
168,Bronx,Mott Haven/Port Morris,Boro Zone,Bronx — Mott Haven/Port Morris,97753,100072,2319,2.372,0.6517,0.734,99003,5.315,6.168,0.853,16.041,0.681,67412.0,4.498,4.34,20.95,21.11,18.37,18.41,83208.0,5.487,Supply-constrained priority
205,Queens,Saint Albans,Boro Zone,Queens — Saint Albans,64801,62214,-2587,-3.992,0.4052,-0.819,61359,5.499,6.566,1.067,19.397,1.079,66221.0,4.604,4.397,20.12,21.2,17.58,17.73,83208.0,5.487,Service-risk watchlist
69,Bronx,East Concourse/Concourse Village,Boro Zone,Bronx — East Concourse/Concourse Village,79582,79121,-461,-0.579,0.5153,-0.146,78187,5.281,6.294,1.013,19.176,0.807,63079.0,3.957,3.772,20.25,20.02,17.58,17.36,83208.0,5.487,Service-risk watchlist
41,Manhattan,Central Harlem,Boro Zone,Manhattan — Central Harlem,86879,91774,4895,5.634,0.5977,1.549,90592,5.398,6.183,0.785,14.547,0.696,63062.0,4.507,4.299,24.39,23.19,19.52,19.27,83208.0,5.487,Supply-constrained priority
76,Brooklyn,East New York,Boro Zone,Brooklyn — East New York,163594,173063,9469,5.788,1.1271,2.997,171138,5.012,5.851,0.839,16.738,0.364,62360.0,3.927,3.707,18.6,19.14,16.33,16.34,83208.0,5.487,Supply-constrained priority
177,Brooklyn,Ocean Hill,Boro Zone,Brooklyn — Ocean Hill,61890,68785,6895,11.141,0.448,2.182,67880,5.596,6.394,0.798,14.257,0.907,61574.0,3.867,3.72,20.13,20.53,17.59,17.75,83208.0,5.487,Service-risk watchlist
247,Bronx,West Concourse,Boro Zone,Bronx — West Concourse,79876,80035,159,0.199,0.5212,0.05,79352,5.651,6.246,0.594,10.52,0.759,60227.0,4.535,4.269,23.34,22.91,19.47,18.8,83208.0,5.487,Service-risk watchlist
254,Bronx,Williamsbridge/Olinville,Boro Zone,Bronx — Williamsbridge/Olinville,80135,76806,-3329,-4.154,0.5002,-1.054,75815,5.581,6.281,0.7,12.535,0.794,60207.0,4.476,4.196,19.14,19.41,17.27,16.77,83208.0,5.487,Service-risk watchlist
259,Bronx,Woodlawn/Wakefield,Boro Zone,Bronx — Woodlawn/Wakefield,55419,54306,-1113,-2.008,0.3537,-0.352,53595,5.87,6.594,0.724,12.342,1.108,59362.0,4.712,4.474,19.82,20.33,17.6,17.16,83208.0,5.487,Service-risk watchlist
17,Brooklyn,Bedford,Boro Zone,Brooklyn — Bedford,119452,117789,-1663,-1.392,0.7671,-0.526,116342,5.421,5.965,0.544,10.028,0.478,55586.0,3.729,3.636,22.3,22.63,18.39,18.65,83208.0,5.487,Supply-constrained priority
36,Brooklyn,Bushwick North,Boro Zone,Brooklyn — Bushwick North,120210,124612,4402,3.662,0.8115,1.393,123736,5.027,5.917,0.891,17.721,0.431,53297.0,4.107,3.997,22.62,23.2,18.79,19.0,83208.0,5.487,Supply-constrained priority
116,Manhattan,Hamilton Heights,Boro Zone,Manhattan — Hamilton Heights,63148,66226,3078,4.874,0.4313,0.974,65318,5.261,6.291,1.03,19.582,0.804,52545.0,4.986,4.735,23.71,22.74,19.94,19.51,83208.0,5.487,Service-risk watchlist
203,Queens,Rosedale,Boro Zone,Queens — Rosedale,30961,29531,-1430,-4.619,0.1923,-0.453,29183,6.353,7.235,0.882,13.88,1.748,51018.0,4.859,4.625,19.85,20.94,17.61,17.43,83208.0,5.487,Service-risk watchlist
51,Bronx,Co-Op City,Boro Zone,Bronx — Co-Op City,65558,63181,-2377,-3.626,0.4115,-0.752,62406,5.573,6.276,0.703,12.611,0.789,49259.0,5.21,4.945,21.58,22.19,19.58,19.07,83208.0,5.487,Service-risk watchlist
213,Bronx,Soundview/Castle Hill,Boro Zone,Bronx — Soundview/Castle Hill,76161,73548,-2613,-3.431,0.479,-0.827,72687,5.323,6.113,0.79,14.846,0.626,45519.0,4.55,4.293,19.44,19.76,17.32,16.92,83208.0,5.487,Service-risk watchlist
188,Brooklyn,Prospect-Lefferts Gardens,Boro Zone,Brooklyn — Prospect-Lefferts Gardens,112082,116837,4755,4.242,0.7609,1.505,115277,5.44,5.88,0.44,8.096,0.393,45352.0,3.908,3.762,21.67,22.11,18.54,18.67,83208.0,5.487,Supply-constrained priority
244,Manhattan,Washington Heights South,Boro Zone,Manhattan — Washington Heights South,111370,109971,-1399,-1.256,0.7162,-0.443,108613,5.091,5.883,0.792,15.559,0.396,43056.0,5.435,5.149,24.6,24.1,20.98,20.4,83208.0,5.487,Supply-constrained priority
169,Bronx,Mount Hope,Boro Zone,Bronx — Mount Hope,73383,75783,2400,3.271,0.4935,0.76,74870,5.127,6.053,0.926,18.068,0.567,42420.0,3.888,3.644,18.97,18.7,16.62,16.19,83208.0,5.487,Service-risk watchlist
92,Queens,Flushing,Boro Zone,Queens — Flushing,85128,89603,4475,5.257,0.5835,1.416,88297,5.251,5.955,0.704,13.399,0.468,41341.0,5.391,5.124,23.49,24.52,20.3,20.33,83208.0,5.487,Supply-constrained priority
126,Bronx,Hunts Point,Boro Zone,Bronx — Hunts Point,46553,47525,972,2.088,0.3095,0.308,47041,5.426,6.348,0.922,16.998,0.862,40529.0,4.271,4.252,19.63,21.51,17.51,18.28,83208.0,5.487,Service-risk watchlist
232,Manhattan,Two Bridges/Seward Park,Yellow Zone,Manhattan — Two Bridges/Seward Park,60238,63868,3630,6.026,0.4159,1.149,62827,5.716,6.093,0.377,6.602,0.606,38085.0,5.184,5.027,30.48,29.4,22.76,22.85,83208.0,5.487,Service-risk watchlist
71,Brooklyn,East Flatbush/Farragut,Boro Zone,Brooklyn — East Flatbush/Farragut,67092,68004,912,1.359,0.4429,0.289,67152,5.536,6.048,0.512,9.242,0.561,37693.0,3.71,3.505,19.93,20.15,17.07,17.03,83208.0,5.487,Service-risk watchlist
75,Manhattan,East Harlem South,Boro Zone,Manhattan — East Harlem South,84866,90919,6053,7.132,0.5921,1.916,89606,5.296,5.889,0.593,11.195,0.402,36065.0,5.2,5.013,26.27,25.98,21.67,21.9,83208.0,5.487,Supply-constrained priority
81,Bronx,Eastchester,Boro Zone,Bronx — Eastchester,46703,45289,-1414,-3.028,0.2949,-0.448,44810,5.634,6.288,0.654,11.611,0.801,35888.0,4.403,4.156,18.83,19.04,16.66,16.2,83208.0,5.487,Service-risk watchlist
62,Brooklyn,Crown Heights South,Boro Zone,Brooklyn — Crown Heights South,52545,54475,1930,3.673,0.3548,0.611,53708,5.483,6.155,0.672,12.262,0.668,35887.0,3.905,3.809,22.64,22.92,19.01,19.16,83208.0,5.487,Service-risk watchlist
93,Queens,Flushing Meadows-Corona Park,Boro Zone,Queens — Flushing Meadows-Corona Park,12884,12249,-635,-4.929,0.0798,-0.201,12134,7.907,8.381,0.474,5.997,2.894,35115.0,8.171,8.238,39.86,44.19,31.29,32.53,83208.0,5.487,Service-risk watchlist
130,Queens,Jamaica,Boro Zone,Queens — Jamaica,122494,121608,-886,-0.723,0.792,-0.28,120475,4.95,5.777,0.827,16.704,0.29,34987.0,4.866,4.699,20.69,22.76,18.44,19.39,83208.0,5.487,Supply-constrained priority
78,Bronx,East Tremont,Boro Zone,Bronx — East Tremont,70028,69037,-991,-1.415,0.4496,-0.314,68135,5.116,5.993,0.877,17.142,0.506,34486.0,3.992,3.823,19.0,19.32,16.72,16.78,83208.0,5.487,Service-risk watchlist
167,Bronx,Morrisania/Melrose,Boro Zone,Bronx — Morrisania/Melrose,57752,57738,-14,-0.024,0.376,-0.004,57042,5.059,6.083,1.024,20.245,0.597,34034.0,3.788,3.556,19.27,19.0,17.04,16.75,83208.0,5.487,Service-risk watchlist
119,Bronx,Highbridge,Boro Zone,Bronx — Highbridge,53046,51623,-1423,-2.683,0.3362,-0.45,50933,5.247,6.149,0.902,17.196,0.663,33745.0,4.517,4.271,21.87,21.8,18.79,18.44,83208.0,5.487,Service-risk watchlist
159,Bronx,Melrose South,Boro Zone,Bronx — Melrose South,70747,70268,-479,-0.677,0.4576,-0.152,69513,5.066,5.957,0.891,17.595,0.471,32710.0,3.843,3.61,19.7,19.49,17.43,17.11,83208.0,5.487,Service-risk watchlist
77,Brooklyn,East New York/Pennsylvania Avenue,Boro Zone,Brooklyn — East New York/Pennsylvania Avenue,43520,43276,-244,-0.561,0.2818,-0.077,42680,5.26,6.251,0.99,18.828,0.764,32615.0,4.034,3.851,19.38,20.1,17.17,17.38,83208.0,5.487,Service-risk watchlist
23,Staten Island,Bloomfield/Emerson Hill,Boro Zone,Staten Island — Bloomfield/Emerson Hill,26197,25236,-961,-3.668,0.1644,-0.304,24738,6.477,6.805,0.328,5.058,1.318,32600.0,6.13,5.813,23.76,25.06,20.48,19.94,83208.0,5.487,Service-risk watchlist
91,Brooklyn,Flatlands,Boro Zone,Brooklyn — Flatlands,75242,76543,1301,1.729,0.4985,0.412,75598,5.345,5.918,0.572,10.704,0.431,32574.0,3.932,3.785,20.25,20.75,17.3,17.42,83208.0,5.487,Service-risk watchlist
173,Queens,North Corona,Boro Zone,Queens — North Corona,40863,45948,5085,12.444,0.2992,1.609,45562,5.344,6.2,0.856,16.025,0.713,32494.0,4.145,3.911,18.84,19.46,16.75,16.57,83208.0,5.487,Service-risk watchlist
206,Staten Island,Saint George/New Brighton,Boro Zone,Staten Island — Saint George/New Brighton,33401,33600,199,0.596,0.2188,0.063,33167,6.232,6.463,0.231,3.713,0.977,32389.0,4.515,4.31,19.85,20.74,17.15,16.92,83208.0,5.487,Service-risk watchlist
18,Bronx,Bedford Park,Boro Zone,Bronx — Bedford Park,75649,73354,-2295,-3.034,0.4777,-0.726,72598,5.059,5.931,0.872,17.235,0.444,32265.0,3.994,3.772,19.08,18.98,16.75,16.44,83208.0,5.487,Service-risk watchlist
47,Bronx,Claremont/Bathgate,Boro Zone,Bronx — Claremont/Bathgate,52022,52005,-17,-0.033,0.3387,-0.005,51417,5.122,6.068,0.946,18.462,0.581,29881.0,3.676,3.484,18.54,18.3,15.99,15.97,83208.0,5.487,Service-risk watchlist
201,Queens,Rockaway Park,Boro Zone,Queens — Rockaway Park,11449,12723,1274,11.128,0.0829,0.403,12311,7.46,7.82,0.36,4.83,2.333,28727.0,6.642,6.352,28.85,30.55,24.14,24.05,83208.0,5.487,Service-risk watchlist
215,Queens,South Jamaica,Boro Zone,Queens — South Jamaica,47116,46544,-572,-1.214,0.3031,-0.181,45908,5.043,6.101,1.058,20.978,0.614,28202.0,4.019,3.883,18.68,19.51,16.09,16.53,83208.0,5.487,Service-risk watchlist
60,Bronx,Crotona Park East,Boro Zone,Bronx — Crotona Park East,36225,35605,-620,-1.712,0.2319,-0.196,35136,5.396,6.289,0.893,16.544,0.802,28187.0,3.969,3.796,18.55,18.67,16.52,16.33,83208.0,5.487,Service-risk watchlist
152,Manhattan,Manhattanville,Boro Zone,Manhattan — Manhattanville,31404,33164,1760,5.604,0.216,0.557,32763,5.46,6.32,0.86,15.76,0.833,27306.0,5.001,4.662,24.31,23.21,20.44,19.78,83208.0,5.487,Service-risk watchlist
221,Staten Island,Stapleton,Boro Zone,Staten Island — Stapleton,22956,22170,-786,-3.424,0.1444,-0.249,21768,6.447,6.736,0.289,4.486,1.249,27197.0,4.822,4.509,20.6,20.84,17.74,17.01,83208.0,5.487,Service-risk watchlist
243,Manhattan,Washington Heights North,Boro Zone,Manhattan — Washington Heights North,83211,83602,391,0.47,0.5445,0.124,82401,5.057,5.813,0.755,14.938,0.326,26862.0,5.25,4.959,23.92,23.41,20.26,19.59,83208.0,5.487,Supply-constrained priority
97,Brooklyn,Fort Greene,Boro Zone,Brooklyn — Fort Greene,91574,100796,9222,10.071,0.6564,2.919,99736,5.287,5.75,0.463,8.765,0.263,26274.0,4.35,4.393,26.88,26.87,20.88,21.23,83208.0,5.487,Supply-constrained priority
217,Brooklyn,South Williamsburg,Boro Zone,Brooklyn — South Williamsburg,25570,25919,349,1.365,0.1688,0.11,25680,6.072,6.489,0.417,6.863,1.002,25735.0,2.716,2.657,17.8,18.28,14.6,14.71,83208.0,5.487,Service-risk watchlist
191,Queens,Queens Village,Boro Zone,Queens — Queens Village,47402,46527,-875,-1.846,0.303,-0.277,45753,5.241,6.044,0.804,15.334,0.558,25515.0,5.377,5.053,21.46,22.26,18.74,18.44,83208.0,5.487,Service-risk watchlist
53,Queens,College Point,Boro Zone,Queens — College Point,25513,25442,-71,-0.278,0.1657,-0.022,25056,5.543,6.442,0.899,16.212,0.955,23939.0,5.913,5.462,23.79,24.49,21.39,20.58,83208.0,5.487,Service-risk watchlist
219,Queens,Springfield Gardens South,Boro Zone,Queens — Springfield Gardens South,29988,26022,-3966,-13.225,0.1695,-1.255,25681,5.431,6.41,0.979,18.017,0.923,23702.0,5.024,4.858,20.68,22.09,18.3,18.34,83208.0,5.487,Service-risk watchlist
200,Bronx,Riverdale/North Riverdale/Fieldston,Boro Zone,Bronx — Riverdale/North Riverdale/Fieldston,35025,34730,-295,-0.842,0.2262,-0.093,34150,5.533,6.16,0.627,11.331,0.673,22983.0,6.54,6.447,28.36,29.48,22.54,22.48,83208.0,5.487,Service-risk watchlist
65,Brooklyn,Downtown Brooklyn/MetroTech,Boro Zone,Brooklyn — Downtown Brooklyn/MetroTech,66919,72007,5088,7.603,0.469,1.61,70770,5.497,5.804,0.308,5.596,0.318,22482.0,5.217,5.243,30.57,30.63,23.4,23.87,83208.0,5.487,Service-risk watchlist
118,Staten Island,Heartland Village/Todt Hill,Boro Zone,Staten Island — Heartland Village/Todt Hill,17794,16675,-1119,-6.289,0.1086,-0.354,16288,6.671,6.85,0.178,2.674,1.363,22197.0,5.974,5.848,25.59,27.41,21.4,21.64,83208.0,5.487,Service-risk watchlist
208,Bronx,Schuylerville/Edgewater Park,Boro Zone,Bronx — Schuylerville/Edgewater Park,54783,52965,-1818,-3.319,0.3449,-0.575,52188,5.252,5.904,0.651,12.399,0.417,21756.0,5.431,5.22,22.15,22.86,19.25,19.07,83208.0,5.487,Service-risk watchlist
124,Queens,Howard Beach,Boro Zone,Queens — Howard Beach,24079,24546,467,1.939,0.1599,0.148,24210,5.383,6.385,1.002,18.609,0.898,21739.0,5.09,4.914,22.27,23.67,18.66,18.84,83208.0,5.487,Service-risk watchlist
115,Staten Island,Grymes Hill/Clifton,Boro Zone,Staten Island — Grymes Hill/Clifton,13155,12925,-230,-1.748,0.0842,-0.073,12689,6.973,7.168,0.196,2.805,1.682,21337.0,5.027,4.69,21.33,21.5,18.4,17.7,83208.0,5.487,Service-risk watchlist
20,Bronx,Belmont,Boro Zone,Bronx — Belmont,49395,47763,-1632,-3.304,0.3111,-0.517,47173,5.008,5.939,0.931,18.595,0.452,21323.0,4.439,4.285,22.03,22.36,18.57,18.46,83208.0,5.487,Service-risk watchlist
139,Queens,Laurelton,Boro Zone,Queens — Laurelton,30950,31695,745,2.407,0.2064,0.236,31281,5.253,6.129,0.876,16.671,0.642,20092.0,4.587,4.671,19.69,21.58,16.89,17.51,83208.0,5.487,Service-risk watchlist
94,Bronx,Fordham South,Boro Zone,Bronx — Fordham South,33775,34769,994,2.943,0.2264,0.315,34420,5.162,6.052,0.891,17.256,0.566,19465.0,3.833,3.52,18.94,18.51,16.72,16.19,83208.0,5.487,Service-risk watchlist
64,Queens,Douglaston,Boro Zone,Queens — Douglaston,11381,11354,-27,-0.237,0.0739,-0.009,11003,6.405,7.214,0.81,12.639,1.728,19010.0,6.72,6.395,26.51,28.0,22.36,22.22,83208.0,5.487,Service-risk watchlist
195,Brooklyn,Red Hook,Boro Zone,Brooklyn — Red Hook,32096,30403,-1693,-5.275,0.198,-0.536,30041,5.542,6.116,0.574,10.358,0.63,18912.0,5.815,5.411,31.49,30.67,24.7,23.71,83208.0,5.487,Service-risk watchlist
222,Brooklyn,Starrett City,Boro Zone,Brooklyn — Starrett City,19076,20077,1001,5.247,0.1308,0.317,19534,5.547,6.436,0.888,16.016,0.949,18539.0,4.494,4.227,20.66,21.11,18.12,17.92,83208.0,5.487,Service-risk watchlist
109,Staten Island,Great Kills,Boro Zone,Staten Island — Great Kills,12212,11698,-514,-4.209,0.0762,-0.163,11376,7.066,7.075,0.009,0.129,1.589,18073.0,5.696,5.45,24.75,25.66,20.47,20.44,83208.0,5.487,Service-risk watchlist
44,Staten Island,Charleston/Tottenville,Boro Zone,Staten Island — Charleston/Tottenville,7992,8073,81,1.014,0.0526,0.026,7878,7.596,7.726,0.13,1.711,2.239,17642.0,7.393,6.909,28.11,28.77,22.8,22.18,83208.0,5.487,Service-risk watchlist
241,Bronx,Van Cortlandt Village,Boro Zone,Bronx — Van Cortlandt Village,63103,59855,-3248,-5.147,0.3898,-1.028,59228,5.008,5.783,0.775,15.478,0.296,17523.0,4.364,4.123,20.07,20.04,17.52,17.15,83208.0,5.487,Service-risk watchlist
218,Queens,Springfield Gardens North,Boro Zone,Queens — Springfield Gardens North,32277,31243,-1034,-3.204,0.2035,-0.327,30791,5.08,6.038,0.958,18.865,0.551,16972.0,4.738,4.566,20.52,21.65,17.86,17.97,83208.0,5.487,Service-risk watchlist
245,Staten Island,West Brighton,Boro Zone,Staten Island — West Brighton,13211,13397,186,1.408,0.0872,0.059,13138,6.552,6.775,0.222,3.396,1.288,16919.0,4.65,4.654,21.44,22.55,17.63,17.84,83208.0,5.487,Service-risk watchlist
155,Brooklyn,Marine Park/Mill Basin,Boro Zone,Brooklyn — Marine Park/Mill Basin,44505,43677,-828,-1.86,0.2845,-0.262,43065,5.361,5.872,0.511,9.533,0.385,16583.0,4.451,4.331,22.25,23.2,18.95,19.19,83208.0,5.487,Service-risk watchlist
248,Bronx,West Farms/Bronx River,Boro Zone,Bronx — West Farms/Bronx River,39314,40147,833,2.119,0.2615,0.264,39695,5.04,5.902,0.861,17.086,0.415,16467.0,4.421,4.181,18.93,18.87,16.87,16.46,83208.0,5.487,Service-risk watchlist
172,Staten Island,New Dorp/Midland Beach,Boro Zone,Staten Island — New Dorp/Midland Beach,11096,10631,-465,-4.191,0.0692,-0.147,10410,6.718,7.052,0.334,4.97,1.566,16298.0,5.216,5.034,23.07,24.51,19.71,19.74,83208.0,5.487,Service-risk watchlist
202,Manhattan,Roosevelt Island,Boro Zone,Manhattan — Roosevelt Island,10710,9720,-990,-9.244,0.0633,-0.313,9439,6.387,7.209,0.822,12.872,1.722,16256.0,6.54,6.221,33.92,33.23,27.82,27.7,83208.0,5.487,Service-risk watchlist
85,Brooklyn,Erasmus,Boro Zone,Brooklyn — Erasmus,48532,51041,2509,5.17,0.3324,0.794,50481,5.332,5.808,0.477,8.943,0.322,16234.0,4.02,3.824,21.1,21.46,18.33,18.29,83208.0,5.487,Service-risk watchlist
136,Bronx,Kingsbridge Heights,Boro Zone,Bronx — Kingsbridge Heights,42363,40993,-1370,-3.234,0.267,-0.434,40568,5.078,5.885,0.807,15.9,0.398,16159.0,4.232,3.975,20.21,19.9,17.59,17.07,83208.0,5.487,Service-risk watchlist
46,Bronx,City Island,Boro Zone,Bronx — City Island,3594,3701,107,2.977,0.0241,0.034,3595,9.28,9.886,0.606,6.53,4.399,15814.0,9.17,8.851,35.88,36.58,31.08,30.51,83208.0,5.487,Service-risk watchlist
156,Staten Island,Mariners Harbor,Boro Zone,Staten Island — Mariners Harbor,23499,21587,-1912,-8.137,0.1406,-0.605,21284,6.096,6.226,0.13,2.127,0.739,15736.0,4.939,4.749,19.09,20.68,17.09,16.85,83208.0,5.487,Service-risk watchlist
34,Brooklyn,Brooklyn Navy Yard,Boro Zone,Brooklyn — Brooklyn Navy Yard,11865,13458,1593,13.426,0.0876,0.504,13389,6.217,6.617,0.4,6.436,1.13,15135.0,4.777,4.919,30.81,29.17,22.49,22.46,83208.0,5.487,Service-risk watchlist
198,Queens,Ridgewood,Boro Zone,Queens — Ridgewood,97736,100924,3188,3.262,0.6573,1.009,100014,5.017,5.633,0.616,12.283,0.147,14656.0,4.164,4.015,21.81,22.86,18.66,18.76,83208.0,5.487,Supply-constrained priority
157,Queens,Maspeth,Boro Zone,Queens — Maspeth,52768,53082,314,0.595,0.3457,0.099,52723,5.288,5.752,0.464,8.765,0.265,13960.0,4.176,4.063,22.04,22.56,17.65,17.85,83208.0,5.487,Service-risk watchlist
15,Queens,Bay Terrace/Fort Totten,Boro Zone,Queens — Bay Terrace/Fort Totten,12032,12013,-19,-0.158,0.0782,-0.006,11703,5.955,6.675,0.72,12.083,1.188,13902.0,6.473,6.339,25.75,27.52,21.84,21.99,83208.0,5.487,Service-risk watchlist
252,Queens,Whitestone,Boro Zone,Queens — Whitestone,21737,21668,-69,-0.317,0.1411,-0.022,21253,5.594,6.139,0.546,9.755,0.653,13871.0,5.705,5.469,23.4,24.69,19.93,19.75,83208.0,5.487,Service-risk watchlist
38,Queens,Cambria Heights,Boro Zone,Queens — Cambria Heights,20135,19000,-1135,-5.637,0.1237,-0.359,18688,5.274,6.201,0.927,17.575,0.714,13348.0,5.818,5.805,23.31,25.83,20.25,20.95,83208.0,5.487,Service-risk watchlist
212,Bronx,Soundview/Bruckner,Boro Zone,Bronx — Soundview/Bruckner,42397,44552,2155,5.083,0.2902,0.682,44066,5.053,5.776,0.723,14.315,0.289,12741.0,4.316,4.054,18.26,18.32,16.28,15.84,83208.0,5.487,Service-risk watchlist
147,Bronx,Longwood,Boro Zone,Bronx — Longwood,33654,31995,-1659,-4.93,0.2084,-0.525,31624,4.889,5.879,0.99,20.239,0.392,12392.0,4.098,3.851,19.43,19.59,17.62,17.26,83208.0,5.487,Service-risk watchlist
101,Queens,Glen Oaks,Boro Zone,Queens — Glen Oaks,14858,15613,755,5.081,0.1017,0.239,15261,5.715,6.28,0.566,9.899,0.794,12110.0,7.011,6.837,26.68,28.68,23.06,23.06,83208.0,5.487,Service-risk watchlist
122,Queens,Hollis,Boro Zone,Queens — Hollis,19354,19754,400,2.067,0.1287,0.127,19435,5.259,6.106,0.847,16.109,0.619,12027.0,4.961,4.72,20.58,21.78,18.05,18.13,83208.0,5.487,Service-risk watchlist
187,Staten Island,Port Richmond,Boro Zone,Staten Island — Port Richmond,12379,12260,-119,-0.961,0.0798,-0.038,12092,6.33,6.471,0.141,2.231,0.984,11901.0,4.862,4.57,19.65,20.38,17.13,16.58,83208.0,5.487,Service-risk watchlist
84,Staten Island,Eltingville/Annadale/Prince's Bay,Boro Zone,Staten Island — Eltingville/Annadale/Prince's Bay,8505,8501,-4,-0.047,0.0554,-0.001,8242,6.93,6.862,-0.067,-0.973,1.376,11339.0,6.478,6.072,26.94,27.46,21.39,20.92,83208.0,5.487,Service-risk watchlist
214,Staten Island,South Beach/Dongan Hills,Boro Zone,Staten Island — South Beach/Dongan Hills,13828,13415,-413,-2.987,0.0874,-0.131,13082,5.985,6.304,0.319,5.335,0.817,10691.0,5.535,5.377,24.03,25.2,20.39,20.32,83208.0,5.487,Service-risk watchlist
5,Staten Island,Arden Heights,Boro Zone,Staten Island — Arden Heights,5212,5184,-28,-0.537,0.0338,-0.009,4980,6.957,7.442,0.485,6.975,1.956,9739.0,6.782,6.694,26.23,27.98,21.94,22.16,83208.0,5.487,Service-risk watchlist
19,Queens,Bellerose,Boro Zone,Queens — Bellerose,14610,14783,173,1.184,0.0963,0.055,14495,5.519,6.153,0.634,11.49,0.666,9653.0,6.149,5.809,23.2,24.16,20.22,19.82,83208.0,5.487,Service-risk watchlist
176,Staten Island,Oakwood,Boro Zone,Staten Island — Oakwood,6166,5488,-678,-10.996,0.0357,-0.215,5277,6.928,7.311,0.383,5.529,1.824,9627.0,6.062,5.877,26.44,28.16,22.26,22.44,83208.0,5.487,Service-risk watchlist
240,Bronx,Van Cortlandt Park,Boro Zone,Bronx — Van Cortlandt Park,12079,11807,-272,-2.252,0.0769,-0.086,11707,5.845,6.301,0.456,7.793,0.814,9528.0,4.955,4.606,20.25,20.43,18.04,17.24,83208.0,5.487,Service-risk watchlist
6,Staten Island,Arrochar/Fort Wadsworth,Boro Zone,Staten Island — Arrochar/Fort Wadsworth,9718,8982,-736,-7.574,0.0585,-0.233,8744,6.012,6.547,0.535,8.892,1.06,9266.0,5.709,5.548,23.36,24.45,19.97,19.8,83208.0,5.487,Service-risk watchlist
251,Staten Island,Westerleigh,Boro Zone,Staten Island — Westerleigh,13410,13735,325,2.424,0.0895,0.103,13469,6.059,6.13,0.071,1.179,0.643,8664.0,4.852,4.629,20.93,21.64,17.35,16.91,83208.0,5.487,Service-risk watchlist
175,Queens,Oakland Gardens,Boro Zone,Queens — Oakland Gardens,13446,12800,-646,-4.804,0.0834,-0.204,12522,5.209,6.158,0.949,18.219,0.671,8399.0,6.518,6.148,24.98,26.04,21.6,21.23,83208.0,5.487,Service-risk watchlist
63,Brooklyn,Cypress Hills,Boro Zone,Brooklyn — Cypress Hills,50971,53516,2545,4.993,0.3485,0.806,52760,4.735,5.642,0.907,19.155,0.155,8176.0,4.393,4.121,20.15,20.76,18.0,17.94,83208.0,5.487,Service-risk watchlist
102,Queens,Glendale,Boro Zone,Queens — Glendale,37684,39063,1379,3.659,0.2544,0.436,38583,5.076,5.689,0.614,12.093,0.203,7814.0,3.991,3.798,19.93,20.53,17.06,16.98,83208.0,5.487,Service-risk watchlist
55,Brooklyn,Coney Island,Boro Zone,Brooklyn — Coney Island,45977,46077,100,0.218,0.3001,0.032,45327,5.225,5.657,0.432,8.276,0.17,7720.0,5.836,5.429,24.41,24.82,21.81,21.05,83208.0,5.487,Service-risk watchlist
166,Manhattan,Morningside Heights,Boro Zone,Manhattan — Morningside Heights,63930,71900,7970,12.467,0.4683,2.523,70856,5.068,5.596,0.527,10.399,0.109,7708.0,5.607,5.136,30.47,28.67,23.75,22.96,83208.0,5.487,Service-risk watchlist
153,Manhattan,Marble Hill,Boro Zone,Manhattan — Marble Hill,15207,14564,-643,-4.228,0.0948,-0.204,14448,5.214,6.003,0.789,15.129,0.516,7462.0,3.793,3.59,18.25,18.09,15.61,15.23,83208.0,5.487,Service-risk watchlist
58,Bronx,Country Club,Boro Zone,Bronx — Country Club,5733,5788,55,0.959,0.0377,0.017,5655,5.966,6.787,0.821,13.762,1.3,7351.0,5.533,5.244,23.23,23.41,19.84,19.34,83208.0,5.487,Service-risk watchlist
220,Bronx,Spuyten Duyvil/Kingsbridge,Boro Zone,Bronx — Spuyten Duyvil/Kingsbridge,58210,56401,-1809,-3.108,0.3673,-0.573,55755,4.951,5.61,0.658,13.296,0.123,6860.0,4.766,4.603,21.17,21.55,17.87,17.61,83208.0,5.487,Service-risk watchlist
66,Brooklyn,DUMBO/Vinegar Hill,Boro Zone,Brooklyn — DUMBO/Vinegar Hill,53781,57564,3783,7.034,0.3749,1.197,57156,5.234,5.605,0.371,7.085,0.118,6739.0,5.11,5.095,32.83,32.54,23.49,23.74,83208.0,5.487,Service-risk watchlist
184,Bronx,Pelham Bay Park,Boro Zone,Bronx — Pelham Bay Park,4321,4262,-59,-1.365,0.0278,-0.019,4234,5.886,7.04,1.154,19.614,1.553,6576.0,5.437,5.45,22.59,24.34,18.76,19.3,83208.0,5.487,Service-risk watchlist
204,Staten Island,Rossville/Woodrow,Boro Zone,Staten Island — Rossville/Woodrow,4785,4837,52,1.087,0.0315,0.016,4646,6.623,6.899,0.276,4.171,1.412,6562.0,7.76,7.161,29.73,29.89,23.96,23.04,83208.0,5.487,Service-risk watchlist
32,Bronx,Bronxdale,Boro Zone,Bronx — Bronxdale,39630,37259,-2371,-5.983,0.2427,-0.75,36868,4.981,5.659,0.678,13.601,0.172,6341.0,4.441,4.27,19.51,20.02,17.37,17.29,83208.0,5.487,Service-risk watchlist
27,Queens,Breezy Point/Fort Tilden/Riis Beach,Boro Zone,Queens — Breezy Point/Fort Tilden/Riis Beach,920,1121,201,21.848,0.0073,0.064,1081,11.001,11.351,0.35,3.184,5.865,6340.0,9.202,8.704,38.04,39.29,31.51,30.99,83208.0,5.487,Service-risk watchlist
26,Brooklyn,Borough Park,Boro Zone,Brooklyn — Borough Park,81655,78095,-3560,-4.36,0.5086,-1.127,77550,5.293,5.568,0.274,5.184,0.081,6278.0,3.082,2.971,18.17,18.97,15.25,15.55,83208.0,5.487,Service-risk watchlist
194,Manhattan,Randalls Island,Yellow Zone,Manhattan — Randalls Island,3188,3457,269,8.438,0.0225,0.085,3397,6.922,7.212,0.29,4.19,1.725,5861.0,6.991,7.222,36.97,40.32,48.68,50.71,83208.0,5.487,Service-risk watchlist
98,Queens,Fresh Meadows,Boro Zone,Queens — Fresh Meadows,15446,15232,-214,-1.385,0.0992,-0.068,14962,5.11,5.865,0.756,14.79,0.379,5664.0,5.443,5.181,22.33,23.63,19.31,19.33,83208.0,5.487,Service-risk watchlist
121,Queens,Hillcrest/Pomonok,Boro Zone,Queens — Hillcrest/Pomonok,33839,33995,156,0.461,0.2214,0.049,33533,4.867,5.654,0.787,16.172,0.167,5605.0,5.205,4.971,22.32,23.62,19.52,19.78,83208.0,5.487,Service-risk watchlist
224,Manhattan,Stuy Town/Peter Cooper Village,Yellow Zone,Manhattan — Stuy Town/Peter Cooper Village,27867,28412,545,1.956,0.185,0.172,27869,5.596,5.677,0.081,1.445,0.19,5295.0,5.34,4.979,31.1,29.32,23.18,23.03,83208.0,5.487,Service-risk watchlist
31,Bronx,Bronx Park,Boro Zone,Bronx — Bronx Park,7264,6360,-904,-12.445,0.0414,-0.286,6310,5.785,6.324,0.539,9.323,0.837,5282.0,5.839,5.19,26.9,26.32,22.81,21.51,83208.0,5.487,Service-risk watchlist
56,Queens,Corona,Boro Zone,Queens — Corona,49007,52526,3519,7.181,0.3421,1.114,51880,4.94,5.588,0.648,13.114,0.101,5235.0,4.296,3.95,19.52,19.68,17.2,16.69,83208.0,5.487,Service-risk watchlist
4,Manhattan,Alphabet City,Yellow Zone,Manhattan — Alphabet City,39839,41554,1715,4.305,0.2706,0.543,40848,5.287,5.613,0.326,6.165,0.126,5151.0,4.836,4.721,28.3,27.1,21.68,21.96,83208.0,5.487,Service-risk watchlist
30,Queens,Broad Channel,Boro Zone,Queens — Broad Channel,976,1236,260,26.639,0.008,0.082,1212,8.943,9.586,0.644,7.197,4.099,4968.0,6.362,5.333,26.24,25.73,22.7,20.4,83208.0,5.487,Service-risk watchlist
160,Queens,Middle Village,Boro Zone,Queens — Middle Village,35232,35570,338,0.959,0.2317,0.107,35061,5.03,5.622,0.593,11.782,0.136,4758.0,4.232,4.053,20.82,21.52,17.53,17.64,83208.0,5.487,Service-risk watchlist
258,Queens,Woodhaven,Boro Zone,Queens — Woodhaven,51996,51524,-472,-0.908,0.3356,-0.149,50869,4.759,5.574,0.815,17.137,0.087,4444.0,4.612,4.322,20.6,21.28,18.22,17.93,83208.0,5.487,Service-risk watchlist
131,Queens,Jamaica Estates,Boro Zone,Queens — Jamaica Estates,24220,24923,703,2.903,0.1623,0.223,24519,4.77,5.636,0.866,18.155,0.149,3647.0,5.427,5.207,22.89,23.86,19.27,19.36,83208.0,5.487,Service-risk watchlist
265,N/A,Outside of NYC,N/A,N/A — Outside of NYC,613,814,201,32.79,0.0053,0.064,788,8.184,9.974,1.791,21.881,4.488,3536.0,6.865,6.766,28.15,31.43,23.32,25.33,83208.0,5.487,Service-risk watchlist
127,Manhattan,Inwood,Boro Zone,Manhattan — Inwood,56623,60313,3690,6.517,0.3928,1.168,59774,4.719,5.546,0.827,17.517,0.059,3522.0,4.924,4.805,21.86,22.05,18.93,18.73,83208.0,5.487,Service-risk watchlist
57,Queens,Corona,Boro Zone,Queens — Corona,3764,4376,612,16.259,0.0285,0.194,4328,5.53,6.215,0.685,12.39,0.728,3150.0,4.914,4.6,20.04,21.57,18.13,17.87,83208.0,5.487,Service-risk watchlist
28,Queens,Briarwood/Jamaica Hills,Boro Zone,Queens — Briarwood/Jamaica Hills,39446,40098,652,1.653,0.2611,0.206,39680,4.724,5.554,0.83,17.564,0.067,2654.0,4.858,4.608,20.96,22.07,18.22,18.52,83208.0,5.487,Service-risk watchlist
49,Brooklyn,Clinton Hill,Boro Zone,Brooklyn — Clinton Hill,87521,90234,2713,3.1,0.5877,0.859,89191,5.063,5.515,0.452,8.929,0.028,2519.0,4.118,4.066,25.62,25.55,19.9,20.32,83208.0,5.487,Supply-constrained priority
16,Queens,Bayside,Boro Zone,Queens — Bayside,33657,34180,523,1.554,0.2226,0.166,33638,4.97,5.553,0.583,11.733,0.067,2239.0,5.569,5.602,23.04,25.1,19.05,19.66,83208.0,5.487,Service-risk watchlist
59,Bronx,Crotona Park,Boro Zone,Bronx — Crotona Park,1821,2014,193,10.599,0.0131,0.061,1995,5.174,6.526,1.351,26.114,1.039,2073.0,3.896,3.872,19.51,20.17,16.88,17.27,83208.0,5.487,Service-risk watchlist
182,Bronx,Parkchester,Boro Zone,Bronx — Parkchester,42078,41395,-683,-1.623,0.2696,-0.216,40888,4.803,5.535,0.732,15.245,0.048,1969.0,4.461,4.236,20.35,20.4,17.88,17.76,83208.0,5.487,Service-risk watchlist
253,Queens,Willets Point,Boro Zone,Queens — Willets Point,658,728,70,10.638,0.0047,0.022,723,7.861,7.912,0.051,0.654,2.425,1753.0,7.143,6.917,34.63,40.18,27.2,28.72,83208.0,5.487,Service-risk watchlist
154,Brooklyn,Marine Park/Floyd Bennett Field,Boro Zone,Brooklyn — Marine Park/Floyd Bennett Field,1489,1536,47,3.156,0.01,0.015,1525,6.245,6.458,0.212,3.398,0.971,1481.0,7.039,6.443,31.3,31.77,26.48,25.08,83208.0,5.487,Service-risk watchlist
96,Queens,Forest Park/Highland Park,Boro Zone,Queens — Forest Park/Highland Park,2626,2560,-66,-2.513,0.0167,-0.021,2546,5.327,6.059,0.732,13.737,0.572,1456.0,5.186,4.848,23.2,23.95,20.55,19.86,83208.0,5.487,Service-risk watchlist
99,Staten Island,Freshkills Park,Boro Zone,Staten Island — Freshkills Park,469,584,115,24.52,0.0038,0.036,580,7.197,7.822,0.626,8.696,2.336,1355.0,5.955,6.103,24.22,27.7,19.68,20.28,83208.0,5.487,Service-risk watchlist
120,Manhattan,Highbridge Park,Boro Zone,Manhattan — Highbridge Park,1492,1604,112,7.507,0.0104,0.035,1575,5.324,6.2,0.876,16.456,0.713,1123.0,5.049,4.735,22.69,22.41,19.76,18.77,83208.0,5.487,Service-risk watchlist
185,Bronx,Pelham Parkway,Boro Zone,Bronx — Pelham Parkway,51165,48289,-2876,-5.621,0.3145,-0.91,47840,4.977,5.496,0.518,10.416,0.009,430.0,4.692,4.441,20.86,21.15,18.37,18.05,83208.0,5.487,Service-risk watchlist
183,Bronx,Pelham Bay,Boro Zone,Bronx — Pelham Bay,21316,21378,62,0.291,0.1392,0.02,21135,4.922,5.506,0.583,11.851,0.019,403.0,5.027,4.792,20.2,20.71,17.73,17.46,83208.0,5.487,Service-risk watchlist
110,Staten Island,Great Kills Park,Boro Zone,Staten Island — Great Kills Park,44,59,15,34.091,0.0004,0.005,58,8.507,8.377,-0.129,-1.52,2.89,168.0,4.566,4.927,19.37,24.93,17.52,18.78,83208.0,5.487,Service-risk watchlist
135,Queens,Kew Gardens Hills,Boro Zone,Queens — Kew Gardens Hills,28506,28547,41,0.144,0.1859,0.013,28142,4.746,5.492,0.746,15.723,0.005,152.0,5.148,4.992,22.56,24.16,19.45,20.0,83208.0,5.487,Service-risk watchlist
1,EWR,Newark Airport,EWR,EWR — Newark Airport,1,1,0,0.0,0.0,0.0,1,4.667,46.917,42.25,905.292,41.43,41.0,,25.87,36.0,14.66,70.27,11.44,83208.0,5.487,Service-risk watchlist
2,Queens,Jamaica Bay,Boro Zone,Queens — Jamaica Bay,53,34,-19,-35.849,0.0002,-0.006,33,8.087,6.693,-1.394,-17.235,1.206,40.0,7.494,6.812,30.98,36.44,26.63,26.82,83208.0,5.487,Service-risk watchlist
161,Manhattan,Midtown Center,Yellow Zone,Manhattan — Midtown Center,184124,191523,7399,4.018,1.2473,2.342,188826,4.876,4.501,-0.375,-7.69,-0.986,0.0,5.541,5.7,46.74,49.33,28.78,30.8,83208.0,5.487,High-demand core
230,Manhattan,Times Sq/Theatre District,Yellow Zone,Manhattan — Times Sq/Theatre District,181850,186153,4303,2.366,1.2123,1.362,180254,5.316,5.112,-0.205,-3.849,-0.375,0.0,6.58,6.816,48.17,51.15,30.69,33.34,83208.0,5.487,High-demand core
79,Manhattan,East Village,Yellow Zone,Manhattan — East Village,167108,182181,15073,9.02,1.1865,4.771,180543,4.537,4.632,0.095,2.092,-0.854,0.0,4.888,4.671,31.99,30.71,22.54,22.88,83208.0,5.487,High-demand core
231,Manhattan,TriBeCa/Civic Center,Yellow Zone,Manhattan — TriBeCa/Civic Center,165301,168064,2763,1.671,1.0945,0.875,166728,4.269,4.322,0.052,1.224,-1.165,0.0,5.257,5.257,39.97,39.98,25.76,26.54,83208.0,5.487,High-demand core
246,Manhattan,West Chelsea/Hudson Yards,Yellow Zone,Manhattan — West Chelsea/Hudson Yards,151537,164110,12573,8.297,1.0688,3.979,162906,4.951,4.998,0.047,0.957,-0.489,0.0,4.989,5.017,40.66,41.27,25.76,27.11,83208.0,5.487,High-demand core
148,Manhattan,Lower East Side,Yellow Zone,Manhattan — Lower East Side,144158,157128,12970,8.997,1.0233,4.105,155718,4.817,5.133,0.316,6.561,-0.354,0.0,5.091,5.046,33.79,32.85,23.25,23.76,83208.0,5.487,High-demand core
68,Manhattan,East Chelsea,Yellow Zone,Manhattan — East Chelsea,148269,156166,7897,5.326,1.017,2.499,153478,4.67,4.656,-0.014,-0.298,-0.831,0.0,5.811,5.991,42.3,43.99,27.86,29.82,83208.0,5.487,High-demand core
234,Manhattan,Union Sq,Yellow Zone,Manhattan — Union Sq,152048,155108,3060,2.013,1.0102,0.969,153918,4.514,4.398,-0.116,-2.573,-1.089,0.0,4.857,4.773,38.41,38.89,24.68,25.95,83208.0,5.487,High-demand core
164,Manhattan,Midtown South,Yellow Zone,Manhattan — Midtown South,147100,150407,3307,2.248,0.9795,1.047,147598,4.818,4.804,-0.015,-0.307,-0.683,0.0,5.857,5.83,41.77,42.5,27.23,28.61,83208.0,5.487,High-demand core
255,Brooklyn,Williamsburg (North Side),Boro Zone,Brooklyn — Williamsburg (North Side),147670,149960,2290,1.551,0.9766,0.725,148878,4.635,5.111,0.477,10.289,-0.375,0.0,4.497,4.444,29.54,29.76,21.91,22.24,83208.0,5.487,High-demand core
112,Brooklyn,Greenpoint,Boro Zone,Brooklyn — Greenpoint,142677,143397,720,0.505,0.9339,0.228,142230,4.558,4.963,0.405,8.879,-0.524,0.0,4.329,4.27,25.73,26.87,20.06,20.64,83208.0,5.487,High-demand core
7,Queens,Astoria,Boro Zone,Queens — Astoria,142454,142611,157,0.11,0.9288,0.05,141374,3.999,4.581,0.582,14.555,-0.906,0.0,4.446,4.311,21.02,21.82,17.85,18.18,83208.0,5.487,High-demand core
145,Queens,Long Island City/Hunters Point,Boro Zone,Queens — Long Island City/Hunters Point,127105,139789,12684,9.979,0.9104,4.015,138753,4.444,4.991,0.547,12.298,-0.496,0.0,4.898,4.721,25.14,25.94,20.55,20.81,83208.0,5.487,High-demand core
237,Manhattan,Upper East Side South,Yellow Zone,Manhattan — Upper East Side South,138585,139480,895,0.646,0.9084,0.283,138229,4.204,4.087,-0.118,-2.801,-1.4,0.0,4.629,4.747,37.84,39.28,24.13,25.63,83208.0,5.487,High-demand core
249,Manhattan,West Village,Yellow Zone,Manhattan — West Village,123714,132159,8445,6.826,0.8607,2.673,131407,4.495,4.514,0.019,0.415,-0.973,0.0,4.507,4.472,34.81,34.94,22.88,23.91,83208.0,5.487,High-demand core
48,Manhattan,Clinton East,Yellow Zone,Manhattan — Clinton East,131794,130495,-1299,-0.986,0.8499,-0.411,127540,4.867,4.934,0.067,1.372,-0.553,0.0,6.243,6.106,38.24,38.43,27.06,28.02,83208.0,5.487,High-demand core
181,Brooklyn,Park Slope,Boro Zone,Brooklyn — Park Slope,134049,130252,-3797,-2.833,0.8483,-1.202,129022,4.38,4.554,0.174,3.964,-0.933,0.0,4.514,4.38,26.5,27.03,20.78,20.95,83208.0,5.487,High-demand core
170,Manhattan,Murray Hill,Yellow Zone,Manhattan — Murray Hill,124145,129148,5003,4.03,0.8411,1.583,126968,4.609,4.577,-0.032,-0.687,-0.909,0.0,5.379,5.385,36.84,37.34,24.69,26.08,83208.0,5.487,High-demand core
163,Manhattan,Midtown North,Yellow Zone,Manhattan — Midtown North,129291,128161,-1130,-0.874,0.8347,-0.358,125784,4.502,4.31,-0.193,-4.276,-1.177,0.0,5.585,5.696,46.38,48.88,28.91,30.75,83208.0,5.487,High-demand core
256,Brooklyn,Williamsburg (South Side),Boro Zone,Brooklyn — Williamsburg (South Side),122990,126003,3013,2.45,0.8206,0.954,124845,4.779,5.309,0.53,11.091,-0.178,0.0,4.341,4.328,27.25,28.21,20.88,21.56,83208.0,5.487,High-demand core
129,Queens,Jackson Heights,Boro Zone,Queens — Jackson Heights,118940,125886,6946,5.84,0.8198,2.198,124782,4.703,5.441,0.738,15.692,-0.046,0.0,4.104,3.858,19.51,20.11,16.92,16.96,83208.0,5.487,High-demand core
162,Manhattan,Midtown East,Yellow Zone,Manhattan — Midtown East,120677,123250,2573,2.132,0.8027,0.814,121093,4.383,4.124,-0.259,-5.9,-1.362,0.0,5.785,5.894,43.92,46.23,27.62,29.49,83208.0,5.487,High-demand core
82,Queens,Elmhurst,Boro Zone,Queens — Elmhurst,112444,122862,10418,9.265,0.8002,3.297,121998,4.79,5.314,0.524,10.947,-0.173,0.0,3.94,3.685,18.82,19.39,16.63,16.54,83208.0,5.487,High-demand core
89,Brooklyn,Flatbush/Ditmas Park,Boro Zone,Brooklyn — Flatbush/Ditmas Park,117455,119967,2512,2.139,0.7813,0.795,118511,4.938,5.325,0.387,7.827,-0.162,0.0,4.246,4.051,21.79,22.41,18.95,19.02,83208.0,5.487,High-demand core
236,Manhattan,Upper East Side North,Yellow Zone,Manhattan — Upper East Side North,108246,112580,4334,4.004,0.7332,1.372,111292,4.491,4.521,0.03,0.665,-0.966,0.0,4.957,4.973,35.8,35.67,23.84,24.78,83208.0,5.487,High-demand core
80,Brooklyn,East Williamsburg,Boro Zone,Brooklyn — East Williamsburg,114666,112350,-2316,-2.02,0.7317,-0.733,111428,4.894,5.418,0.524,10.7,-0.069,0.0,4.32,4.224,24.82,25.27,19.64,20.06,83208.0,5.487,High-demand core
95,Queens,Forest Hills,Boro Zone,Queens — Forest Hills,103678,107089,3411,3.29,0.6974,1.08,105691,4.84,5.324,0.485,10.011,-0.162,0.0,4.681,4.44,21.84,22.92,18.34,18.54,83208.0,5.487,High-demand core
144,Manhattan,Little Italy/NoLiTa,Yellow Zone,Manhattan — Little Italy/NoLiTa,97659,105694,8035,8.228,0.6883,2.543,104878,4.639,4.78,0.141,3.045,-0.707,0.0,4.483,4.441,35.63,35.2,23.09,23.94,83208.0,5.487,High-demand core
107,Manhattan,Gramercy,Yellow Zone,Manhattan — Gramercy,101790,105198,3408,3.348,0.6851,1.079,103858,4.473,4.358,-0.114,-2.554,-1.128,0.0,4.984,4.874,34.21,33.98,23.43,24.33,83208.0,5.487,High-demand core
216,Queens,South Ozone Park,Boro Zone,Queens — South Ozone Park,111759,103094,-8665,-7.753,0.6714,-2.743,101986,3.914,4.933,1.018,26.019,-0.554,0.0,3.757,4.039,17.75,20.09,14.69,16.38,83208.0,5.487,High-demand core
142,Manhattan,Lincoln Square East,Yellow Zone,Manhattan — Lincoln Square East,97357,101773,4416,4.536,0.6628,1.398,100224,4.618,4.697,0.079,1.71,-0.789,0.0,5.631,5.601,38.63,38.77,25.82,26.94,83208.0,5.487,High-demand core
90,Manhattan,Flatiron,Yellow Zone,Manhattan — Flatiron,95069,97189,2120,2.23,0.633,0.671,95863,4.272,4.187,-0.085,-1.994,-1.3,0.0,4.977,4.995,36.38,36.94,24.13,25.6,83208.0,5.487,High-demand core
226,Queens,Sunnyside,Boro Zone,Queens — Sunnyside,87994,95717,7723,8.777,0.6234,2.444,95014,4.486,5.076,0.59,13.16,-0.41,0.0,4.181,4.046,21.14,21.98,18.01,18.3,83208.0,5.487,High-demand core
141,Manhattan,Lenox Hill West,Yellow Zone,Manhattan — Lenox Hill West,90740,94280,3540,3.901,0.614,1.12,93031,4.446,4.538,0.092,2.063,-0.949,0.0,5.08,5.049,32.27,32.29,22.81,23.78,83208.0,5.487,High-demand core
87,Manhattan,Financial District North,Yellow Zone,Manhattan — Financial District North,90984,93566,2582,2.838,0.6094,0.817,91889,4.83,4.84,0.009,0.192,-0.647,0.0,6.909,6.782,42.73,42.08,28.96,29.34,83208.0,5.487,High-demand core
239,Manhattan,Upper West Side South,Yellow Zone,Manhattan — Upper West Side South,85056,91591,6535,7.683,0.5965,2.068,89978,4.493,4.627,0.134,2.985,-0.859,0.0,5.755,5.516,35.74,34.55,24.84,25.01,83208.0,5.487,High-demand core
14,Brooklyn,Bay Ridge,Boro Zone,Brooklyn — Bay Ridge,86303,88520,2217,2.569,0.5765,0.702,87473,4.317,4.705,0.388,8.983,-0.782,0.0,5.03,4.806,22.71,23.34,19.13,18.97,83208.0,5.487,High-demand core
114,Manhattan,Greenwich Village South,Yellow Zone,Manhattan — Greenwich Village South,86006,88259,2253,2.62,0.5748,0.713,87755,4.512,4.749,0.237,5.252,-0.738,0.0,4.592,4.589,35.23,35.19,23.16,24.14,83208.0,5.487,High-demand core
158,Manhattan,Meatpacking/West Village West,Yellow Zone,Manhattan — Meatpacking/West Village West,88542,87383,-1159,-1.309,0.5691,-0.367,86804,4.357,4.449,0.093,2.124,-1.037,0.0,4.475,4.6,38.15,39.18,23.94,25.47,83208.0,5.487,High-demand core
186,Manhattan,Penn Station/Madison Sq West,Yellow Zone,Manhattan — Penn Station/Madison Sq West,89757,86902,-2855,-3.181,0.566,-0.904,85404,4.846,4.785,-0.061,-1.251,-0.702,0.0,5.97,6.311,40.52,43.91,27.73,30.57,83208.0,5.487,High-demand core
211,Manhattan,SoHo,Yellow Zone,Manhattan — SoHo,82606,86322,3716,4.498,0.5622,1.176,85790,4.335,4.303,-0.032,-0.749,-1.184,0.0,4.286,4.361,38.05,38.86,24.02,25.42,83208.0,5.487,High-demand core
113,Manhattan,Greenwich Village North,Yellow Zone,Manhattan — Greenwich Village North,84997,84309,-688,-0.809,0.5491,-0.218,83517,4.429,4.415,-0.014,-0.31,-1.071,0.0,4.508,4.46,35.38,35.32,23.22,24.13,83208.0,5.487,High-demand core
25,Brooklyn,Boerum Hill,Boro Zone,Brooklyn — Boerum Hill,82164,84145,1981,2.411,0.548,0.627,83025,5.065,5.432,0.367,7.242,-0.055,0.0,4.828,4.874,29.71,30.23,22.53,23.2,83208.0,5.487,High-demand core
229,Manhattan,Sutton Place/Turtle Bay North,Yellow Zone,Manhattan — Sutton Place/Turtle Bay North,80290,82025,1735,2.161,0.5342,0.549,80910,4.085,4.203,0.118,2.9,-1.284,0.0,5.068,5.022,34.32,34.19,23.37,24.29,83208.0,5.487,Lower-priority / balanced
228,Brooklyn,Sunset Park West,Boro Zone,Brooklyn — Sunset Park West,75835,79630,3795,5.004,0.5186,1.201,79052,4.982,5.467,0.485,9.728,-0.02,0.0,4.892,4.788,23.97,24.97,20.27,20.38,83208.0,5.487,Lower-priority / balanced
100,Manhattan,Garment District,Yellow Zone,Manhattan — Garment District,81392,79277,-2115,-2.599,0.5163,-0.669,77426,5.315,5.246,-0.069,-1.301,-0.241,0.0,6.757,6.747,45.23,46.78,30.36,32.03,83208.0,5.487,Lower-priority / balanced
140,Manhattan,Lenox Hill East,Yellow Zone,Manhattan — Lenox Hill East,74588,77771,3183,4.267,0.5065,1.007,76496,4.868,5.148,0.28,5.746,-0.339,0.0,5.965,5.813,33.13,32.45,25.13,25.69,83208.0,5.487,Lower-priority / balanced
137,Manhattan,Kips Bay,Yellow Zone,Manhattan — Kips Bay,72261,76906,4645,6.428,0.5009,1.47,75859,4.87,4.912,0.042,0.862,-0.574,0.0,5.41,5.24,29.87,29.51,22.98,23.57,83208.0,5.487,Lower-priority / balanced
263,Manhattan,Yorkville West,Yellow Zone,Manhattan — Yorkville West,73823,76740,2917,3.951,0.4998,0.923,75596,4.649,4.846,0.196,4.224,-0.641,0.0,5.759,5.559,31.67,30.98,23.52,23.96,83208.0,5.487,Lower-priority / balanced
233,Manhattan,UN/Turtle Bay South,Yellow Zone,Manhattan — UN/Turtle Bay South,76411,76506,95,0.124,0.4983,0.03,75132,4.572,4.552,-0.02,-0.44,-0.935,0.0,5.1,5.101,34.45,34.67,23.25,24.53,83208.0,5.487,Lower-priority / balanced
238,Manhattan,Upper West Side North,Yellow Zone,Manhattan — Upper West Side North,69176,76043,6867,9.927,0.4952,2.173,74506,4.72,4.917,0.197,4.177,-0.57,0.0,5.764,5.513,32.48,31.09,23.88,23.88,83208.0,5.487,Lower-priority / balanced
50,Manhattan,Clinton West,Yellow Zone,Manhattan — Clinton West,73315,74079,764,1.042,0.4824,0.242,73002,4.987,5.032,0.045,0.9,-0.455,0.0,5.346,5.179,33.83,32.96,23.72,24.39,83208.0,5.487,Lower-priority / balanced
223,Queens,Steinway,Boro Zone,Queens — Steinway,73080,72056,-1024,-1.401,0.4693,-0.324,71502,4.03,4.492,0.462,11.467,-0.995,0.0,4.651,4.525,21.66,22.73,18.19,18.35,83208.0,5.487,Lower-priority / balanced
33,Brooklyn,Brooklyn Heights,Boro Zone,Brooklyn — Brooklyn Heights,68536,71827,3291,4.802,0.4678,1.042,70987,5.008,5.191,0.183,3.654,-0.296,0.0,5.282,5.37,33.71,34.06,23.92,24.51,83208.0,5.487,Lower-priority / balanced
260,Queens,Woodside,Boro Zone,Queens — Woodside,67699,71462,3763,5.558,0.4654,1.191,70915,4.197,4.707,0.51,12.148,-0.78,0.0,3.953,3.852,18.71,19.9,15.94,16.44,83208.0,5.487,Lower-priority / balanced
197,Queens,Richmond Hill,Boro Zone,Queens — Richmond Hill,67709,69564,1855,2.74,0.453,0.587,68791,4.751,5.321,0.571,12.018,-0.165,0.0,4.208,3.907,19.38,20.05,16.58,16.6,83208.0,5.487,Lower-priority / balanced
143,Manhattan,Lincoln Square West,Yellow Zone,Manhattan — Lincoln Square West,68388,69377,989,1.446,0.4518,0.313,68311,4.754,4.761,0.007,0.148,-0.726,0.0,5.077,4.932,33.18,32.23,22.86,23.52,83208.0,5.487,Lower-priority / balanced
174,Bronx,Norwood,Boro Zone,Bronx — Norwood,68982,66545,-2437,-3.533,0.4334,-0.771,66007,4.788,5.293,0.505,10.546,-0.193,0.0,4.545,4.369,19.93,20.35,17.65,17.44,83208.0,5.487,Lower-priority / balanced
13,Manhattan,Battery Park City,Yellow Zone,Manhattan — Battery Park City,63351,64058,707,1.116,0.4172,0.224,63302,4.71,4.64,-0.069,-1.468,-0.846,0.0,6.197,6.192,43.73,43.46,27.71,28.19,83208.0,5.487,Lower-priority / balanced
22,Brooklyn,Bensonhurst West,Boro Zone,Brooklyn — Bensonhurst West,56670,59047,2377,4.194,0.3846,0.752,58467,4.655,4.984,0.329,7.07,-0.503,0.0,4.05,3.776,19.31,19.38,16.84,16.46,83208.0,5.487,Lower-priority / balanced
242,Bronx,Van Nest/Morris Park,Boro Zone,Bronx — Van Nest/Morris Park,61471,58987,-2484,-4.041,0.3842,-0.786,58273,4.843,5.352,0.509,10.511,-0.135,0.0,4.279,4.113,20.25,20.96,17.69,17.67,83208.0,5.487,Lower-priority / balanced
261,Manhattan,World Trade Center,Yellow Zone,Manhattan — World Trade Center,55066,54466,-600,-1.09,0.3547,-0.19,53490,5.206,4.961,-0.245,-4.703,-0.526,0.0,7.227,6.896,47.6,47.07,31.22,31.46,83208.0,5.487,Lower-priority / balanced
125,Manhattan,Hudson Sq,Yellow Zone,Manhattan — Hudson Sq,54087,54402,315,0.582,0.3543,0.1,53692,4.637,4.491,-0.146,-3.147,-0.996,0.0,5.148,5.208,40.22,40.94,25.7,27.0,83208.0,5.487,Lower-priority / balanced
210,Brooklyn,Sheepshead Bay,Boro Zone,Brooklyn — Sheepshead Bay,52279,53034,755,1.444,0.3454,0.239,52474,4.575,4.846,0.271,5.933,-0.641,0.0,4.007,3.788,19.15,19.42,16.29,15.97,83208.0,5.487,Lower-priority / balanced
189,Brooklyn,Prospect Heights,Boro Zone,Brooklyn — Prospect Heights,49972,52554,2582,5.167,0.3423,0.817,52017,4.916,5.256,0.339,6.906,-0.231,0.0,4.332,4.254,26.69,26.74,20.83,21.11,83208.0,5.487,Lower-priority / balanced
179,Queens,Old Astoria,Boro Zone,Queens — Old Astoria,52106,51660,-446,-0.856,0.3364,-0.141,51177,4.209,4.86,0.651,15.47,-0.626,0.0,4.589,4.457,21.84,22.92,18.88,19.19,83208.0,5.487,Lower-priority / balanced
10,Queens,Baisley Park,Boro Zone,Queens — Baisley Park,52198,51304,-894,-1.713,0.3341,-0.283,50482,4.48,5.395,0.916,20.441,-0.092,0.0,4.708,4.641,21.37,22.84,18.07,18.57,83208.0,5.487,Lower-priority / balanced
262,Manhattan,Yorkville East,Yellow Zone,Manhattan — Yorkville East,46372,49288,2916,6.288,0.321,0.923,48128,4.961,5.192,0.231,4.652,-0.295,0.0,5.556,5.437,31.84,30.67,23.25,23.79,83208.0,5.487,Lower-priority / balanced
123,Brooklyn,Homecrest,Boro Zone,Brooklyn — Homecrest,48608,48877,269,0.553,0.3183,0.085,48515,4.561,4.687,0.127,2.774,-0.799,0.0,3.419,3.167,18.78,18.53,15.31,14.88,83208.0,5.487,Lower-priority / balanced
165,Brooklyn,Midwood,Boro Zone,Brooklyn — Midwood,48769,48363,-406,-0.832,0.315,-0.129,47668,4.657,4.869,0.213,4.565,-0.618,0.0,3.721,3.612,20.59,21.41,17.22,17.56,83208.0,5.487,Lower-priority / balanced
21,Brooklyn,Bensonhurst East,Boro Zone,Brooklyn — Bensonhurst East,43029,44051,1022,2.375,0.2869,0.323,43598,4.554,4.888,0.334,7.327,-0.599,0.0,3.983,3.8,19.31,19.69,16.72,16.62,83208.0,5.487,Lower-priority / balanced
151,Manhattan,Manhattan Valley,Yellow Zone,Manhattan — Manhattan Valley,38357,42814,4457,11.62,0.2788,1.411,41951,4.944,5.374,0.431,8.712,-0.112,0.0,5.649,5.25,29.84,27.9,23.19,22.58,83208.0,5.487,Lower-priority / balanced
88,Manhattan,Financial District South,Yellow Zone,Manhattan — Financial District South,36697,42680,5983,16.304,0.278,1.894,42124,5.047,5.002,-0.044,-0.879,-0.484,0.0,7.041,6.975,45.97,44.65,30.09,30.52,83208.0,5.487,Lower-priority / balanced
227,Brooklyn,Sunset Park East,Boro Zone,Brooklyn — Sunset Park East,40025,41069,1044,2.608,0.2675,0.33,40636,4.897,5.35,0.452,9.239,-0.137,0.0,4.283,3.979,20.62,20.9,18.24,17.91,83208.0,5.487,Lower-priority / balanced
196,Queens,Rego Park,Boro Zone,Queens — Rego Park,39288,40667,1379,3.51,0.2648,0.436,40186,4.936,5.403,0.467,9.469,-0.084,0.0,4.477,4.201,20.7,21.66,18.07,17.95,83208.0,5.487,Lower-priority / balanced
146,Queens,Long Island City/Queens Plaza,Boro Zone,Queens — Long Island City/Queens Plaza,38442,39894,1452,3.777,0.2598,0.46,39466,4.102,4.652,0.55,13.397,-0.835,0.0,4.85,4.697,24.47,25.22,20.48,20.77,83208.0,5.487,Lower-priority / balanced
149,Brooklyn,Madison,Boro Zone,Brooklyn — Madison,39696,39798,102,0.257,0.2592,0.032,39413,4.423,4.567,0.144,3.259,-0.92,0.0,3.502,3.283,18.68,18.85,15.69,15.57,83208.0,5.487,Lower-priority / balanced
45,Manhattan,Chinatown,Yellow Zone,Manhattan — Chinatown,33814,39534,5720,16.916,0.2575,1.81,39162,5.108,5.353,0.245,4.806,-0.133,0.0,5.033,4.743,31.57,30.45,22.94,22.88,83208.0,5.487,Lower-priority / balanced
83,Queens,Elmhurst/Maspeth,Boro Zone,Queens — Elmhurst/Maspeth,36475,39116,2641,7.241,0.2547,0.836,38796,4.726,5.174,0.448,9.477,-0.313,0.0,4.037,3.753,18.68,19.11,16.36,16.17,83208.0,5.487,Lower-priority / balanced
250,Bronx,Westchester Village/Unionport,Boro Zone,Bronx — Westchester Village/Unionport,39768,39094,-674,-1.695,0.2546,-0.213,38670,4.68,5.331,0.651,13.904,-0.156,0.0,4.32,4.158,19.14,19.7,16.89,16.83,83208.0,5.487,Lower-priority / balanced
70,Queens,East Elmhurst,Boro Zone,Queens — East Elmhurst,36021,37156,1135,3.151,0.242,0.359,36672,4.655,5.46,0.805,17.29,-0.027,0.0,5.063,5.03,24.47,25.88,19.6,20.2,83208.0,5.487,Lower-priority / balanced
134,Queens,Kew Gardens,Boro Zone,Queens — Kew Gardens,34661,35977,1316,3.797,0.2343,0.417,35501,4.563,5.119,0.557,12.197,-0.367,0.0,4.754,4.682,21.05,22.89,17.7,18.51,83208.0,5.487,Lower-priority / balanced
3,Bronx,Allerton/Pelham Gardens,Boro Zone,Bronx — Allerton/Pelham Gardens,36529,35241,-1288,-3.526,0.2295,-0.408,34830,4.966,5.467,0.5,10.078,-0.02,0.0,4.311,4.044,19.08,19.31,16.69,16.16,83208.0,5.487,Lower-priority / balanced
40,Brooklyn,Carroll Gardens,Boro Zone,Brooklyn — Carroll Gardens,35277,35199,-78,-0.221,0.2292,-0.025,34838,4.38,4.752,0.373,8.506,-0.734,0.0,4.768,4.808,27.78,28.64,20.93,21.38,83208.0,5.487,Lower-priority / balanced
29,Brooklyn,Brighton Beach,Boro Zone,Brooklyn — Brighton Beach,32818,34008,1190,3.626,0.2215,0.377,33583,4.665,4.917,0.252,5.41,-0.57,0.0,4.356,4.052,20.2,20.31,17.32,16.73,83208.0,5.487,Lower-priority / balanced
171,Queens,Murray Hill-Queens,Boro Zone,Queens — Murray Hill-Queens,32516,33732,1216,3.74,0.2197,0.385,33223,4.658,5.173,0.515,11.062,-0.314,0.0,4.703,4.362,20.51,21.29,17.75,17.42,83208.0,5.487,Lower-priority / balanced
106,Brooklyn,Gowanus,Boro Zone,Brooklyn — Gowanus,30214,33079,2865,9.482,0.2154,0.907,32742,4.558,5.086,0.528,11.592,-0.401,0.0,4.445,4.518,24.88,26.25,20.02,20.8,83208.0,5.487,Lower-priority / balanced
209,Manhattan,Seaport,Yellow Zone,Manhattan — Seaport,30816,32704,1888,6.127,0.213,0.598,32219,5.234,5.186,-0.048,-0.922,-0.301,0.0,6.454,6.21,40.49,39.74,27.56,27.7,83208.0,5.487,Lower-priority / balanced
67,Brooklyn,Dyker Heights,Boro Zone,Brooklyn — Dyker Heights,29639,31029,1390,4.69,0.2021,0.44,30671,4.612,4.918,0.306,6.626,-0.569,0.0,4.339,4.086,21.29,21.22,17.71,17.35,83208.0,5.487,Lower-priority / balanced
133,Brooklyn,Kensington,Boro Zone,Brooklyn — Kensington,28743,27808,-935,-3.253,0.1811,-0.296,27444,4.654,4.96,0.306,6.575,-0.526,0.0,4.269,4.122,21.43,22.1,18.55,18.6,83208.0,5.487,Lower-priority / balanced
180,Queens,Ozone Park,Boro Zone,Queens — Ozone Park,26971,27668,697,2.584,0.1802,0.221,27355,4.515,5.107,0.592,13.103,-0.38,0.0,4.149,3.802,18.86,19.09,16.3,15.85,83208.0,5.487,Lower-priority / balanced
193,Queens,Queensbridge/Ravenswood,Boro Zone,Queens — Queensbridge/Ravenswood,24133,27489,3356,13.906,0.179,1.062,26989,4.606,5.319,0.713,15.471,-0.168,0.0,4.485,4.512,22.73,23.84,19.28,20.2,83208.0,5.487,Lower-priority / balanced
43,Manhattan,Central Park,Yellow Zone,Manhattan — Central Park,23388,26034,2646,11.313,0.1695,0.837,25791,4.688,4.874,0.186,3.968,-0.612,0.0,4.929,4.748,37.94,36.91,24.95,25.35,83208.0,5.487,Lower-priority / balanced
108,Brooklyn,Gravesend,Boro Zone,Brooklyn — Gravesend,23836,24557,721,3.025,0.1599,0.228,24210,4.596,4.987,0.391,8.496,-0.5,0.0,4.439,4.231,19.85,20.37,17.09,16.94,83208.0,5.487,Lower-priority / balanced
52,Brooklyn,Cobble Hill,Boro Zone,Brooklyn — Cobble Hill,21209,22428,1219,5.748,0.1461,0.386,22215,4.33,4.545,0.216,4.978,-0.942,0.0,4.841,4.877,29.68,30.15,21.9,22.28,83208.0,5.487,Lower-priority / balanced
24,Manhattan,Bloomingdale,Yellow Zone,Manhattan — Bloomingdale,19543,21728,2185,11.18,0.1415,0.692,21350,4.91,5.459,0.549,11.188,-0.028,0.0,5.305,4.955,28.37,26.65,22.25,21.81,83208.0,5.487,Lower-priority / balanced
192,Queens,Queensboro Hill,Boro Zone,Queens — Queensboro Hill,20512,21349,837,4.081,0.139,0.265,21130,4.535,5.095,0.56,12.338,-0.392,0.0,4.942,4.773,20.95,22.15,18.37,18.55,83208.0,5.487,Lower-priority / balanced
257,Brooklyn,Windsor Terrace,Boro Zone,Brooklyn — Windsor Terrace,21712,21040,-672,-3.095,0.137,-0.213,20747,4.479,4.699,0.22,4.923,-0.788,0.0,5.14,4.938,26.08,26.75,21.06,21.1,83208.0,5.487,Lower-priority / balanced
11,Brooklyn,Bath Beach,Boro Zone,Brooklyn — Bath Beach,18787,19556,769,4.093,0.1274,0.243,19342,4.478,4.889,0.411,9.182,-0.598,0.0,4.751,4.379,20.91,20.67,18.18,17.37,83208.0,5.487,Lower-priority / balanced
150,Brooklyn,Manhattan Beach,Boro Zone,Brooklyn — Manhattan Beach,18377,17823,-554,-3.015,0.1161,-0.175,17639,4.721,5.11,0.389,8.238,-0.376,0.0,4.67,4.406,21.87,22.02,18.1,17.66,83208.0,5.487,Lower-priority / balanced
73,Queens,East Flushing,Boro Zone,Queens — East Flushing,16772,17164,392,2.337,0.1118,0.124,16895,4.802,5.39,0.588,12.246,-0.097,0.0,4.452,4.135,19.85,20.78,17.62,17.47,83208.0,5.487,Lower-priority / balanced
178,Brooklyn,Ocean Parkway South,Boro Zone,Brooklyn — Ocean Parkway South,16730,16498,-232,-1.387,0.1074,-0.073,16381,4.782,4.867,0.085,1.784,-0.619,0.0,3.416,3.212,19.33,19.22,15.68,15.48,83208.0,5.487,Lower-priority / balanced
9,Queens,Auburndale,Boro Zone,Queens — Auburndale,15019,14868,-151,-1.005,0.0968,-0.048,14585,4.704,5.284,0.581,12.341,-0.202,0.0,5.029,4.906,21.63,23.03,18.19,18.49,83208.0,5.487,Lower-priority / balanced
190,Brooklyn,Prospect Park,Boro Zone,Brooklyn — Prospect Park,9372,10129,757,8.077,0.066,0.24,10054,5.197,5.46,0.263,5.051,-0.027,0.0,4.208,4.357,24.75,26.91,20.47,21.67,83208.0,5.487,Lower-priority / balanced
54,Brooklyn,Columbia Street,Boro Zone,Brooklyn — Columbia Street,8077,8318,241,2.984,0.0542,0.076,8203,4.572,5.004,0.432,9.447,-0.483,0.0,4.917,5.087,27.27,28.34,20.85,21.64,83208.0,5.487,Lower-priority / balanced
128,Manhattan,Inwood Hill Park,Boro Zone,Manhattan — Inwood Hill Park,4128,4239,111,2.689,0.0276,0.035,4206,4.677,5.275,0.599,12.802,-0.211,0.0,5.017,4.821,24.02,23.65,19.84,19.24,83208.0,5.487,Lower-priority / balanced
12,Manhattan,Battery Park,Yellow Zone,Manhattan — Battery Park,1325,1806,481,36.302,0.0118,0.152,1793,5.108,5.299,0.191,3.739,-0.187,0.0,6.015,5.506,40.48,36.79,27.05,26.6,83208.0,5.487,Lower-priority / balanced
207,Queens,Saint Michaels Cemetery/Woodside,Boro Zone,Queens — Saint Michaels Cemetery/Woodside,684,795,111,16.228,0.0052,0.035,795,4.682,4.858,0.177,3.776,-0.628,0.0,4.155,3.938,19.61,20.2,16.16,16.53,83208.0,5.487,Lower-priority / balanced
111,Brooklyn,Green-Wood Cemetery,Boro Zone,Brooklyn — Green-Wood Cemetery,631,783,152,24.089,0.0051,0.048,778,4.387,4.692,0.305,6.95,-0.795,0.0,4.17,4.226,22.16,22.89,18.23,18.53,83208.0,5.487,Lower-priority / balanced
8,Queens,Astoria Park,Boro Zone,Queens — Astoria Park,638,751,113,17.712,0.0049,0.036,750,4.337,4.818,0.481,11.1,-0.669,0.0,4.338,4.256,21.3,22.2,18.37,18.58,83208.0,5.487,Lower-priority / balanced
105,Manhattan,Governor's Island/Ellis Island/Liberty Island,Yellow Zone,Manhattan — Governor's Island/Ellis Island/Liberty Island,1,0,-1,-100.0,0.0,-0.0,0,6.483,,,,,0.0,1.92,,31.2,,14.94,,83208.0,5.487,Lower-priority / balanced
199,Bronx,Rikers Island,Boro Zone,Bronx — Rikers Island,2,0,-2,-100.0,0.0,-0.001,0,4.375,,,,,0.0,9.585,,30.32,,25.5,,83208.0,5.487,Lower-priority / balanced
